year,AT,AP,AH,AFDP,GTEP,TIT,TAT,TEY,CDP,CO,NOX
2014,12.562,1004.6,82.294,3.6771,31.196,1099.8,541.42,154.88,13.44,0.87832,60.048
2011,26.331,1011.8,66.459,3.7729,25.464,1090.5,549.95,132.76,12.094,0.44446,61.635
2013,14.375,1003.3,93.696,2.8283,19.113,1052.5,549.91,108.59,10.341,5.299,69.073
2011,11.997,1013.2,86.749,4.7958,32.265,1100.1,530.53,160.1,13.921,0.13127,61.352
2015,17.524,1015.0,81.079,3.7075,24.159,1078.5,550.3,131.03,11.834,1.79,50.45
2013,14.652,1009.3,68.261,3.1791,24.388,1086.7,549.86,134.46,11.861,1.6633,77.274
2012,19.759,1014.6,88.567,5.3378,25.275,1090.2,550.08,134.68,12.147,1.4059,65.693
2015,28.889,1016.3,53.83,3.903,24.909,1081.3,550.13,129.08,11.923,2.4402,50.775
2015,4.6128,1025.1,81.234,4.0853,33.146,1100.0,531.85,164.34,14.126,2.9008,58.405
2012,21.313,1012.1,61.482,5.8036,30.757,1100.2,538.37,148.72,13.477,0.83337,72.056
2015,8.0202,1012.9,83.202,3.2373,23.88,1074.9,549.94,131.86,11.721,3.5622,71.785
2015,26.587,1014.0,72.895,4.289,29.171,1099.9,547.27,145.9,13.094,1.5218,52.41
2012,6.3809,1014.6,90.564,5.7581,31.578,1099.7,533.56,160.64,13.616,0.2129,63.968
2015,12.124,1028.8,64.659,3.1631,21.727,1064.8,550.21,122.0,11.245,6.1245,66.281
2013,4.8631,1027.0,81.084,4.2825,34.045,1100.0,529.98,168.38,14.29,1.2538,78.397
2013,12.691,1008.3,99.528,3.9423,31.673,1099.9,534.12,157.1,13.682,1.828,72.17
2013,24.028,1006.2,89.987,4.3309,25.132,1089.4,550.25,132.93,12.058,1.2064,56.575
2012,21.396,1016.5,93.668,4.482,25.3,1089.7,549.61,133.6,11.94,1.5844,60.601
2015,26.645,1007.8,56.328,4.6229,29.516,1100.0,546.4,147.64,13.15,1.0679,48.314
2013,14.794,1021.8,92.759,4.0652,31.88,1099.9,533.36,154.87,13.748,1.0873,75.101
2011,3.0755,1016.7,88.979,4.0904,23.378,1084.7,550.17,133.65,11.812,0.28778,60.38
2011,24.99,1011.2,71.802,3.935,25.607,1091.9,550.27,133.84,12.134,0.16125,60.01
2013,18.914,1004.9,74.108,2.6886,19.648,1055.3,549.89,109.06,10.494,4.9943,60.658
2012,15.288,1012.9,83.859,4.008,18.792,1035.5,539.67,104.14,10.227,12.17,101.75
2014,26.499,1007.4,74.234,5.3901,30.217,1100.0,545.87,147.3,13.156,1.5276,52.749
2011,12.236,1020.3,74.77,5.0895,32.265,1100.2,529.04,160.39,13.975,0.87876,67.208
2015,11.574,1024.4,48.852,3.0075,22.9,1040.6,533.85,117.17,11.132,29.084,81.604
2013,11.065,1024.0,92.12,2.987,24.151,1085.9,549.76,134.22,11.945,1.8963,70.738
2014,16.522,1009.3,79.588,3.209,23.276,1066.4,549.94,124.67,11.296,1.3193,57.75
2013,9.0668,1013.4,86.689,4.0052,32.112,1099.9,531.28,160.76,13.815,0.48563,68.684
2015,27.489,1014.8,55.592,4.0419,25.25,1083.1,550.04,130.77,12.062,1.1177,53.64
2014,13.768,1016.4,87.779,2.7257,24.672,1066.5,549.88,123.63,11.319,1.8851,65.307
2013,15.242,1016.9,83.785,3.1943,24.747,1086.9,550.01,133.31,11.977,0.82383,62.533
2012,16.253,1002.2,78.436,3.8915,31.227,1100.1,533.1,156.74,13.71,1.3767,74.456
2014,16.792,1007.0,87.089,4.2179,29.408,1097.4,548.49,148.03,12.935,1.1573,78.779
2012,12.937,1016.8,97.371,2.7691,24.646,1087.8,549.86,133.69,11.957,6.1358,57.279
2014,8.0123,1015.0,88.537,2.6851,22.011,1066.3,549.97,125.29,11.282,1.9846,73.167
2015,36.264,1004.7,30.945,4.382,29.649,1099.5,547.36,144.87,12.961,1.6336,63.429
2015,25.201,1010.9,81.597,4.2782,29.081,1099.6,547.15,145.66,13.101,1.0462,51.736
2011,18.357,1007.7,80.887,2.8798,18.351,1048.5,549.29,105.38,10.271,3.7093,67.793
2011,32.0,1003.5,51.378,4.42,29.401,1100.0,543.01,145.68,13.088,0.27929,59.542
2014,22.919,1018.8,85.43,4.749,30.778,1100.0,542.79,150.2,13.367,0.96299,45.191
2012,10.416,998.62,100.16,5.1626,23.503,1069.3,543.55,127.83,11.529,11.864,82.206
2011,10.592,1024.5,63.127,3.9254,23.873,1085.6,549.97,133.82,11.973,1.6774,80.897
2013,26.878,1010.5,70.08,4.2907,25.887,1093.1,550.15,134.41,12.268,1.3298,63.526
2015,11.779,1017.9,83.123,3.2537,23.495,1075.8,549.58,130.73,11.772,3.1877,58.459
2012,24.91,1005.8,85.796,3.8113,22.564,1072.4,549.81,120.27,11.154,5.6454,59.048
2011,10.305,1004.6,99.282,3.5339,18.909,1053.3,550.0,110.78,10.328,3.7118,79.165
2013,24.111,1006.8,81.063,4.0326,25.341,1089.4,549.8,133.01,11.986,6.8036,59.406
2013,25.299,1011.4,78.749,5.1948,25.78,1092.0,549.71,134.08,12.225,1.7515,60.627
2015,15.433,1020.2,71.364,3.3549,24.175,1078.3,550.17,131.28,11.786,2.3297,54.527
2014,15.973,1013.0,60.314,3.6982,25.324,1087.5,550.07,133.14,12.054,0.87356,65.81
2013,24.709,1012.1,60.467,4.5757,25.64,1091.6,550.19,133.45,12.045,0.95425,67.617
2014,9.1946,1020.0,82.425,2.6112,22.84,1062.2,549.64,121.4,11.086,2.1072,73.505
2012,7.9574,1006.3,92.203,4.1637,23.696,1083.5,549.96,133.7,11.703,1.7095,78.34
2011,3.4638,1028.8,88.841,3.4958,19.821,1045.1,537.71,115.7,10.762,8.0434,96.572
2015,18.329,1009.6,86.361,3.2175,23.261,1072.2,549.86,126.3,11.482,2.1467,46.426
2011,3.7516,1017.8,85.182,3.5781,23.917,1085.9,550.0,134.67,11.91,0.26747,82.028
2013,7.6934,1009.0,89.659,2.7162,22.12,1068.5,546.59,125.24,11.255,4.4873,86.977
2013,7.1915,1028.9,65.404,4.2573,33.502,1100.0,524.72,165.29,14.268,1.2641,64.165
2012,17.911,1013.9,100.09,3.7634,19.423,1056.0,549.97,109.66,10.475,4.8995,58.138
2012,9.6011,1022.6,93.716,2.4037,19.472,1036.4,536.06,108.87,10.51,12.443,98.293
2013,8.4618,1007.9,99.538,4.1948,32.984,1099.8,528.61,163.17,14.021,0.80605,70.01
2014,13.343,1003.2,94.578,3.6261,25.164,1076.0,549.88,133.1,11.77,1.2927,58.207
2011,10.044,1006.3,83.611,3.7912,21.508,1069.4,549.99,121.54,11.086,3.6542,79.226
2011,24.925,1015.1,64.799,4.4367,30.76,1100.0,536.32,152.51,13.51,0.85047,55.326
2014,9.705,1023.5,72.838,4.4507,33.172,1099.8,534.83,162.22,13.999,0.99126,77.027
2012,21.83,1004.5,75.774,3.7307,23.845,1081.0,549.85,128.12,11.613,1.826,65.525
2015,8.9105,1021.9,72.035,3.1769,28.184,1074.6,549.95,130.3,11.7,3.7252,67.607
2012,26.133,1017.1,50.897,4.3871,25.905,1093.3,550.33,133.76,12.325,0.22293,69.607
2012,21.554,1002.5,74.059,5.3096,25.704,1090.2,550.02,134.85,12.087,0.7172,69.748
2013,30.245,1012.9,41.052,4.2247,20.849,1062.6,550.01,110.03,10.821,3.6041,57.688
2011,25.939,1013.1,57.534,3.9119,26.869,1098.9,550.22,139.43,12.419,0.92889,83.398
2011,12.452,1008.0,61.87,5.2795,32.255,1100.2,530.96,159.17,13.875,0.36771,72.125
2013,31.862,1011.0,53.543,5.3082,27.207,1098.2,549.7,135.35,12.551,1.0438,67.945
2015,24.989,1015.2,64.014,3.7782,24.965,1081.6,549.99,130.82,11.954,2.3637,52.426
2014,29.043,1004.7,70.296,5.1797,30.48,1100.0,545.85,146.39,13.162,1.6721,55.784
2015,22.14,1014.6,79.95,3.9649,25.099,1082.1,550.35,131.8,12.014,1.7583,51.092
2013,7.3471,1016.0,89.699,3.206,23.626,1084.7,549.92,134.5,11.774,2.0988,77.08
2011,12.752,1024.0,73.06,4.1635,23.331,1081.8,549.99,129.63,11.719,1.2845,60.38
2014,27.688,1009.4,64.59,4.816,30.726,1100.0,544.69,148.91,13.217,0.80766,49.012
2014,6.4653,1031.1,88.803,3.5362,24.834,1080.6,550.14,134.56,11.954,0.76562,64.806
2013,27.172,1009.7,77.686,4.8691,25.398,1089.5,549.85,131.2,11.986,1.7232,58.764
2011,9.6646,1024.4,75.92,3.9031,23.878,1086.7,549.85,134.68,11.888,1.4009,79.346
2011,11.415,1011.8,97.808,4.4645,24.014,1085.5,550.01,133.66,11.863,0.91737,74.879
2012,22.314,995.28,60.58,4.2392,20.298,1058.0,550.02,111.14,10.514,4.2424,70.523
2014,27.663,1008.2,68.452,4.2192,25.286,1079.0,550.12,127.59,11.85,1.9019,52.182
2011,21.116,1012.3,82.685,3.6352,24.701,1088.0,549.85,133.14,12.003,0.95204,60.277
2012,18.054,1020.8,75.151,3.8524,21.241,1067.5,549.81,117.71,11.061,3.8696,66.497
2011,13.381,1013.9,96.962,6.0398,32.188,1099.9,531.48,157.89,13.83,1.1245,64.105
2014,24.481,1013.6,70.654,4.6379,31.122,1099.9,542.41,151.27,13.342,1.2884,59.848
2011,18.713,1014.3,94.445,3.6965,24.364,1087.1,550.11,132.57,11.828,1.2332,59.922
2015,22.733,1009.1,72.688,4.3871,30.521,1099.8,543.16,150.33,13.368,1.3729,56.037
2013,12.872,1019.3,90.958,3.1222,24.527,1086.8,550.09,134.59,11.891,2.6043,78.192
2012,19.254,1012.5,91.126,3.4984,21.019,1063.8,549.84,115.58,10.85,4.6208,59.173
2011,29.406,1009.6,57.103,3.9203,25.615,1092.0,550.36,133.79,12.282,0.70096,64.602
2015,23.014,1007.3,85.832,4.3753,29.81,1100.2,545.54,147.93,13.209,0.73723,53.576
2013,17.922,992.69,70.621,3.5692,27.592,1093.6,545.9,142.03,12.523,1.3489,81.548
2012,27.794,1007.6,80.0,4.2792,26.227,1093.7,550.04,134.87,12.307,0.88529,56.656
2012,16.472,1002.8,73.126,3.8087,30.929,1099.9,533.95,156.18,13.676,0.8867,74.231
2013,21.407,1002.9,88.839,3.9581,25.174,1088.7,550.11,133.53,12.076,5.466,57.971
2014,27.115,1006.7,72.445,4.5399,30.158,1099.9,546.59,147.85,13.078,1.4535,56.963
2013,31.993,1010.7,52.036,5.316,27.239,1098.4,549.34,135.47,12.558,0.83174,67.863
2012,12.91,1021.2,89.302,3.5588,18.929,1048.0,545.61,108.63,10.358,8.2205,86.229
2012,26.139,1014.6,53.954,4.3864,26.078,1094.1,549.82,134.74,12.109,0.20864,69.23
2011,13.896,1013.1,89.908,4.8827,31.603,1099.8,533.4,156.38,13.706,0.42012,64.994
2013,23.763,1013.2,71.909,3.9993,25.284,1089.7,549.97,132.94,12.045,0.17049,64.274
2014,31.657,1003.9,54.206,5.0026,30.428,1100.0,546.17,146.22,13.138,1.3461,56.973
2014,24.786,1011.6,68.723,5.3804,31.138,1099.9,542.52,149.78,13.36,1.5008,55.811
2013,10.502,1013.0,87.577,4.139,32.905,1099.9,529.25,161.34,13.994,1.5573,70.027
2014,17.238,1022.1,90.023,5.5291,30.763,1100.0,539.12,153.91,13.612,1.2645,56.417
2013,8.1792,1012.7,94.547,2.7208,19.332,1042.0,540.76,109.82,10.408,11.016,106.63
2015,25.488,1008.6,81.565,4.2228,28.953,1098.4,547.15,144.93,13.014,0.84555,53.293
2011,28.639,1007.9,61.933,2.9674,18.868,1050.7,549.69,104.4,10.211,2.0732,51.871
2015,27.43,1007.1,56.242,3.8981,24.642,1078.1,550.14,128.05,11.783,2.1251,54.372
2011,14.746,1015.3,74.638,4.047,24.163,1085.0,550.23,133.07,11.792,0.92435,73.357
2014,11.31,1007.3,98.989,3.8521,24.917,1076.9,549.99,134.15,11.928,1.1509,58.832
2013,15.344,1017.6,80.652,3.5892,27.836,1093.0,542.87,142.82,12.679,1.0403,70.049
2015,10.766,1015.3,72.059,3.0494,22.074,1067.0,550.21,124.86,11.256,3.216,63.137
2011,16.958,1017.8,94.206,3.1063,18.27,1045.1,546.14,104.8,10.007,8.0463,91.77
2012,30.352,1010.2,60.76,4.8413,30.035,1100.0,540.96,145.81,13.136,2.1253,75.139
2012,24.244,1013.6,66.898,4.8565,30.655,1100.0,535.94,152.58,13.563,1.4171,66.959
2015,10.449,1017.7,56.959,3.3144,27.087,1079.8,550.39,134.17,11.941,3.3966,69.292
2011,27.117,1015.1,64.724,4.7074,30.497,1100.1,538.16,148.55,13.296,0.089753,52.814
2011,11.611,1006.8,83.691,5.7145,31.722,1099.6,532.3,159.53,13.681,0.43861,65.617
2015,18.008,1010.9,63.199,3.4679,23.978,1076.9,550.14,129.62,11.763,2.0547,52.733
2011,26.108,1018.3,61.547,3.8573,25.647,1093.1,550.22,133.83,12.213,0.92152,65.182
2011,6.0913,1012.6,90.432,3.9517,23.626,1083.6,550.02,133.67,11.804,0.7158,79.313
2011,23.114,1005.0,76.732,3.6797,24.906,1087.3,550.4,132.53,11.942,0.7171,61.446
2012,33.903,1006.5,54.312,4.4153,26.976,1095.9,549.9,133.88,12.318,0.9499,62.245
2015,0.68786,1008.2,79.718,3.0439,23.562,1074.8,550.31,131.24,11.714,3.2272,83.335
2014,24.605,1005.2,90.189,4.1513,22.859,1065.6,550.07,119.51,11.267,2.9962,49.737
2014,25.032,1005.0,95.777,4.0572,24.067,1068.6,548.34,122.31,11.494,3.2774,48.049
2012,26.179,1010.3,77.02,4.4572,25.912,1092.8,549.88,133.83,12.199,1.277,62.037
2013,10.438,1015.0,98.63,3.0997,24.075,1084.5,549.88,133.4,11.886,1.7029,77.409
2015,19.097,1018.5,79.699,3.2563,23.944,1076.4,550.24,128.78,11.743,2.1639,48.53
2011,25.717,1016.2,60.101,4.426,30.69,1099.9,536.45,151.37,13.48,1.517,66.949
2012,21.437,1007.7,90.667,4.0675,22.152,1070.5,550.09,119.71,11.177,4.0175,57.951
2013,20.928,1013.3,84.614,2.5934,19.961,1056.2,550.28,109.45,10.387,5.0815,66.796
2014,24.286,1010.6,99.887,3.5478,20.871,1053.6,550.16,110.66,10.55,4.49,45.954
2015,20.962,1004.0,78.664,4.167,30.421,1099.9,543.54,149.83,13.287,1.3228,55.379
2014,16.213,1011.8,96.829,4.2943,27.755,1095.0,550.51,144.74,12.679,1.2521,63.274
2015,16.235,1020.3,47.007,4.2626,30.986,1099.9,538.77,154.25,13.646,2.1124,55.136
2012,6.9076,1013.6,96.49,3.7464,32.237,1099.8,528.11,164.94,14.05,0.83454,67.135
2014,13.895,1003.3,79.619,3.813,32.16,1100.1,537.08,157.47,13.683,0.72653,59.801
2014,10.063,1016.5,77.418,3.8264,32.599,1099.7,534.11,161.01,13.861,2.2839,59.47
2013,28.884,1010.5,50.394,5.9618,29.845,1100.0,541.15,147.29,13.2,1.6387,65.239
2011,14.738,1020.5,86.233,4.8231,31.079,1100.1,531.69,157.08,13.87,1.3043,61.231
2015,-5.9031,1034.0,68.12,4.3749,36.844,1100.0,517.61,178.31,15.042,1.435,54.794
2011,26.772,1012.4,69.977,4.0792,25.876,1092.8,550.13,133.73,12.223,0.14565,61.108
2013,14.396,1023.3,85.427,3.2712,23.895,1084.1,550.21,131.37,11.861,2.3252,68.578
2013,16.933,1019.9,88.366,4.0937,32.133,1100.2,532.76,155.0,13.765,1.14,69.582
2013,23.457,1009.0,95.489,4.2032,20.246,1058.4,550.01,109.91,10.49,4.7846,48.904
2011,10.146,1011.8,87.791,4.0531,24.286,1086.0,550.04,134.78,11.899,1.4756,77.903
2015,18.604,1020.4,69.172,3.3522,24.16,1078.1,550.38,130.39,11.82,2.2637,50.305
2013,8.7875,1024.8,97.374,4.1909,33.374,1100.0,526.2,163.08,14.224,0.74386,63.683
2013,17.802,1011.2,87.598,3.6218,25.354,1090.2,549.99,135.05,12.05,1.4893,69.393
2014,22.059,1009.5,66.954,4.6669,31.419,1100.0,541.08,153.47,13.462,1.1573,58.154
2013,11.816,1011.9,90.335,2.6824,19.215,1053.7,549.25,110.4,10.337,5.3485,74.923
2012,4.8178,1012.7,88.474,3.3619,24.197,1086.3,549.87,134.66,11.907,1.3232,83.392
2014,17.331,1006.8,77.102,3.3804,24.476,1073.5,550.11,129.98,11.683,1.1255,50.596
2015,20.51,1007.5,52.803,2.7397,23.549,1047.7,550.1,108.24,10.4,4.4592,55.983
2014,19.795,1012.4,84.534,4.6612,32.1,1099.9,538.85,155.24,13.589,0.6704,59.302
2014,19.401,1003.1,82.025,3.5716,23.142,1068.0,549.96,124.02,11.33,2.8028,57.365
2013,25.696,1008.8,59.047,4.0749,25.006,1089.1,549.97,132.62,12.102,1.1142,64.611
2014,29.222,1013.3,64.888,5.3171,30.552,1100.0,544.8,147.3,13.191,1.7332,54.434
2015,26.996,1006.2,58.16,4.3248,30.373,1099.7,544.36,148.64,13.289,2.0282,56.861
2014,15.28,1012.4,75.282,3.8069,25.372,1088.4,550.13,134.46,11.957,1.1318,60.285
2011,9.4762,1021.5,72.986,3.6337,19.584,1043.2,539.6,111.71,10.572,6.615,91.221
2013,11.697,1009.4,99.244,2.5371,18.387,1042.0,545.86,104.73,10.128,7.403,82.462
2012,19.484,1016.1,91.491,4.5347,25.043,1088.9,550.02,133.21,12.095,0.88146,59.921
2014,9.9031,1010.1,99.557,5.1502,35.406,1100.2,527.26,165.47,14.346,0.91378,65.014
2015,28.354,1014.1,65.555,4.3525,29.703,1099.9,545.56,147.0,13.13,1.3916,53.634
2014,22.907,1013.0,85.171,3.7386,24.342,1075.2,549.84,127.03,11.741,1.8225,50.721
2015,24.505,1011.8,48.045,3.7396,34.101,1095.1,549.78,140.37,12.555,1.6094,61.406
2011,22.389,1006.2,76.834,2.8247,17.974,1046.4,550.04,101.83,9.9982,4.3183,65.884
2014,16.355,1012.6,88.287,3.7418,25.062,1080.1,549.99,134.05,11.994,1.0496,63.178
2015,27.871,1011.7,40.313,4.4518,30.932,1099.9,541.6,150.24,13.381,1.4247,49.752
2013,15.419,1016.0,85.924,3.1246,23.855,1081.3,549.8,128.94,11.729,1.2166,59.286
2012,11.811,1007.7,99.738,2.9209,24.255,1085.8,549.95,134.72,11.81,1.3586,73.433
2011,12.125,1017.6,92.133,4.3559,23.891,1084.1,549.6,132.31,11.817,1.6326,74.389
2014,19.81,1016.9,92.967,3.8072,24.357,1076.0,550.17,128.25,11.757,1.7751,47.388
2014,18.566,1018.5,83.449,4.1026,22.6,1066.4,549.96,121.03,11.302,2.8604,59.36
2014,13.247,1024.9,52.88,3.554,25.093,1079.8,549.84,134.2,11.995,1.5734,64.893
2015,20.759,1013.5,70.287,3.2876,24.2,1077.3,550.14,129.74,11.706,2.2362,54.596
2015,21.008,1012.1,86.082,3.5776,22.438,1066.1,550.15,121.15,11.278,3.0933,45.38
2013,8.8717,996.42,94.212,3.198,24.334,1084.2,550.06,134.85,11.704,2.2154,84.16
2013,23.745,1010.8,55.928,3.572,25.639,1091.2,549.59,133.8,12.187,2.0022,72.077
2011,21.03,1010.8,89.1,3.3067,20.426,1061.2,550.05,112.89,10.8,3.1154,59.062
2015,17.78,1006.3,62.652,2.7909,19.168,1047.1,549.93,108.36,10.369,4.992,57.391
2015,34.392,1004.6,44.94,4.3228,29.214,1099.8,548.57,144.65,12.949,1.882,55.675
2013,5.4387,1020.2,95.475,2.8843,23.603,1083.4,549.98,133.98,11.737,1.8087,78.887
2014,22.926,1009.1,70.587,3.8072,25.957,1084.1,549.98,134.85,12.183,1.7384,60.966
2014,21.921,1021.4,69.415,4.2117,23.073,1069.0,550.17,121.77,11.455,2.409,56.677
2014,12.48,1013.9,88.001,3.5731,25.346,1078.4,549.95,134.71,11.873,1.4078,62.633
2012,23.923,1012.5,76.586,4.4819,26.744,1087.2,544.47,134.7,12.284,1.2159,59.439
2014,25.003,1018.5,63.212,5.3643,30.577,1099.9,543.64,149.49,13.282,1.4627,52.694
2015,14.877,1011.9,77.663,2.6835,19.122,1046.9,549.93,108.67,10.334,5.2768,63.502
2012,29.692,1010.2,77.209,4.7853,29.574,1100.0,543.03,144.44,13.075,0.95821,54.183
2011,19.463,1013.9,88.864,4.4947,31.412,1099.9,534.02,154.54,13.638,0.72435,56.734
2014,23.308,1003.9,97.292,4.044,24.877,1076.6,550.42,128.14,11.787,2.1642,47.938
2014,13.25,1009.6,91.734,3.2845,23.533,1067.8,549.97,126.76,11.469,1.3662,59.381
2013,17.927,1007.9,89.795,3.2528,25.299,1087.8,550.22,133.74,12.002,1.8305,67.454
2015,12.004,1001.9,74.856,2.7158,20.048,1047.5,549.43,111.09,10.34,5.6421,72.569
2012,25.356,1012.2,75.909,4.2787,26.315,1094.0,549.64,135.52,12.345,2.5155,66.308
2012,16.816,1013.1,75.198,4.8428,24.784,1088.1,550.35,134.68,12.005,1.56,71.875
2013,21.81,1019.2,89.119,3.2119,25.28,1087.7,550.06,131.64,11.961,1.2651,56.384
2012,17.712,1014.8,88.576,3.5621,19.373,1055.1,550.04,109.48,10.438,4.8762,57.111
2015,18.366,1015.5,90.885,3.9247,24.668,1080.4,550.24,131.72,11.867,2.0372,46.741
2014,12.801,1021.1,96.696,3.706,24.252,1078.4,550.44,133.01,11.839,1.9258,64.905
2015,28.166,1014.9,42.946,3.9176,27.752,1095.8,549.61,139.78,12.609,2.038,60.186
2014,13.966,1013.8,75.78,3.3737,24.289,1072.0,550.15,129.55,11.648,1.5205,63.386
2014,28.01,1003.2,58.459,4.4952,28.362,1095.2,549.72,138.85,12.638,0.66018,52.95
2011,24.65,1004.2,69.253,3.069,20.017,1058.3,549.93,110.8,10.596,1.8364,55.18
2012,20.197,1005.0,83.703,4.0814,24.837,1086.8,550.21,132.85,11.877,1.6855,66.11
2011,10.819,1012.3,90.953,3.6773,23.98,1084.3,549.95,133.68,11.807,0.91709,76.791
2011,3.3894,1017.0,85.03,4.0783,23.51,1085.5,550.07,134.09,11.82,0.93641,60.38
2012,17.548,1007.9,92.77,4.7808,28.817,1099.9,542.68,148.84,13.124,1.1733,71.158
2015,6.4633,1016.4,81.737,4.0495,33.832,1100.0,534.12,162.5,13.99,2.5244,59.663
2011,18.732,1013.2,74.121,5.4672,31.075,1099.8,535.43,152.32,13.59,0.58117,66.878
2013,12.136,1009.9,98.05,2.5457,19.036,1051.2,548.31,109.49,10.4,8.3552,85.452
2013,17.529,1003.4,95.786,3.6651,23.454,1080.0,549.95,127.95,11.549,1.9367,63.847
2011,19.769,1009.3,94.715,3.1801,20.095,1060.1,550.12,112.78,10.749,2.0527,57.537
2014,17.262,1006.1,96.177,3.279,20.898,1054.1,549.66,114.18,10.705,4.528,58.653
2015,24.299,1006.3,74.459,4.147,29.375,1099.7,547.44,146.77,13.042,1.8127,56.118
2013,16.601,1006.3,98.361,3.0493,22.537,1072.0,550.06,122.16,11.275,1.7826,57.361
2012,19.008,986.56,67.52,5.8391,31.306,1099.6,538.16,154.44,13.4,0.45228,71.929
2015,16.327,1015.9,64.172,3.4325,24.044,1077.2,550.4,130.22,11.85,3.0748,56.737
2011,27.719,1014.7,68.473,3.6423,22.628,1074.8,550.25,120.36,11.396,1.0552,52.62
2013,9.4403,1015.9,95.556,2.8666,22.254,1068.5,546.4,124.99,11.28,5.7389,90.033
2014,30.918,1002.8,56.258,4.9762,30.401,1099.8,546.13,146.4,13.085,1.1601,57.2
2011,24.075,1012.7,72.422,3.9224,25.543,1091.5,549.86,133.79,12.137,0.30437,60.118
2014,18.932,1025.8,73.641,4.2315,23.618,1074.1,550.16,126.37,11.549,2.4473,60.217
2015,19.649,1015.1,82.764,4.3324,30.868,1099.9,541.39,151.9,13.491,1.8106,49.737
2012,22.864,1007.8,86.227,3.4597,20.262,1059.5,549.79,111.78,10.612,3.6144,49.173
2012,22.006,1013.8,89.744,4.4084,25.157,1089.7,549.97,133.46,11.937,1.204,59.359
2015,23.635,1010.1,85.966,4.5056,30.521,1100.0,543.14,149.03,13.317,0.84758,51.598
2014,20.884,1011.1,96.414,3.8726,24.721,1077.4,549.6,128.54,11.875,2.8755,58.247
2011,4.2231,1024.2,91.41,4.7751,29.212,1100.0,539.6,156.34,13.265,0.93168,75.16
2012,6.6479,1016.7,83.488,5.936,34.306,1100.1,525.19,166.08,14.289,0.45899,67.048
2011,16.346,1000.1,76.848,4.3347,24.76,1087.1,549.84,134.75,11.921,1.5867,77.256
2013,5.1191,1015.9,93.634,3.004,23.62,1083.2,550.07,134.03,11.749,2.8925,84.176
2012,7.1695,1021.8,79.807,4.5282,24.602,1087.6,550.0,136.67,11.959,1.1199,82.113
2015,12.401,1029.6,77.245,3.8324,27.235,1084.5,542.45,141.43,12.595,1.8276,57.04
2011,19.135,1004.6,69.126,3.0122,19.884,1058.4,549.86,112.38,10.696,2.0283,64.237
2011,25.411,1012.1,69.025,3.7799,25.497,1091.4,549.74,134.21,12.127,0.90646,62.355
2011,14.257,1021.3,85.711,3.5077,24.069,1086.8,550.14,133.82,11.938,1.1195,72.308
2014,18.287,1006.7,70.746,3.8329,26.045,1090.6,550.1,135.39,12.023,1.4886,65.838
2014,23.318,1002.4,74.644,4.7027,30.789,1100.0,544.0,150.89,13.267,1.3052,58.881
2015,3.0543,1033.9,84.957,3.0913,21.799,1067.9,549.83,126.35,11.367,3.9442,70.357
2015,12.267,1005.8,66.532,3.1685,25.211,1074.4,550.03,130.45,11.634,4.6053,67.144
2013,11.994,1005.8,93.82,2.5052,18.939,1051.3,548.99,109.16,10.301,7.6762,87.806
2014,25.463,1016.6,52.927,4.627,31.434,1100.0,541.14,153.23,13.492,1.4307,56.842
2012,5.6602,1018.3,86.968,3.8404,21.079,1028.5,523.86,112.02,10.963,43.428,99.237
2011,9.2785,1020.3,99.087,4.4709,24.097,1085.9,550.43,133.93,11.802,1.5255,75.021
2011,27.404,1018.4,52.175,3.879,25.758,1093.2,550.11,133.83,12.232,0.66644,66.661
2012,22.315,1003.6,93.256,3.8768,20.147,1057.5,549.93,110.77,10.445,5.0591,53.066
2013,24.054,1010.7,77.408,4.2633,22.685,1036.2,526.76,109.67,11.15,35.045,74.376
2015,16.017,1015.2,73.502,3.1006,22.007,1065.6,550.0,122.04,11.21,3.2924,56.472
2015,5.5855,1018.8,66.824,3.0238,23.688,1069.4,549.79,127.75,11.45,3.884,76.466
2015,7.1961,1009.9,65.087,2.7265,22.157,1059.1,544.67,123.81,11.25,6.7175,95.788
2013,29.912,1011.4,58.424,5.4926,28.186,1097.5,545.38,140.96,12.684,1.6908,63.836
2015,33.867,1008.6,37.809,4.2913,26.954,1088.2,548.17,133.52,12.383,2.152,58.213
2014,10.511,1015.3,79.672,3.2751,27.633,1098.2,549.27,149.06,12.822,2.6078,70.829
2012,7.3346,1007.7,86.45,4.0771,23.65,1083.1,549.96,133.68,11.858,1.7781,80.528
2015,21.741,1007.2,74.782,4.1321,30.159,1100.1,544.84,149.75,13.232,1.3787,53.54
2012,13.96,1013.2,85.863,4.2266,24.207,1085.5,550.03,132.76,11.839,1.1681,66.312
2015,14.667,1010.9,86.982,3.3167,23.769,1076.3,550.07,130.42,11.759,2.0913,51.812
2011,17.915,1007.0,73.919,3.6831,25.165,1089.2,549.84,134.34,11.992,1.1038,72.293
2014,23.134,1010.6,75.799,5.3645,31.122,1099.8,542.6,149.89,13.353,1.3212,54.19
2014,22.109,1010.0,79.728,3.856,24.552,1076.3,550.14,128.09,11.787,1.9095,54.075
2015,9.9418,1017.7,75.717,3.0744,24.149,1078.9,550.14,133.92,11.825,3.4303,69.515
2011,31.726,1006.5,54.299,3.5678,22.787,1074.8,549.76,119.72,11.313,0.96626,53.504
2014,17.338,1008.5,99.427,4.8683,31.113,1099.9,542.59,152.73,13.377,1.1918,59.139
2011,14.225,1023.6,69.305,4.8982,31.7,1100.3,528.82,159.39,14.06,0.78177,65.694
2012,19.619,1002.3,66.912,4.1034,19.991,1056.6,550.01,110.72,10.472,2.8084,70.281
2014,13.963,1002.9,94.926,3.7347,24.803,1078.8,549.96,133.83,11.909,1.1917,63.832
2012,5.938,1025.5,91.866,4.2657,20.751,1064.7,549.99,117.55,10.981,3.2447,101.87
2011,15.979,1019.8,64.065,4.8763,31.528,1100.0,532.13,156.38,13.763,0.99337,68.921
2015,17.762,1017.2,58.547,3.4841,26.71,1086.5,550.03,137.25,12.157,2.9512,62.637
2014,27.485,1011.9,55.962,4.4199,29.106,1091.6,544.13,141.97,12.864,1.4769,55.974
2011,19.501,1003.8,89.45,4.4161,30.679,1100.3,537.56,152.94,13.436,0.88643,60.508
2011,20.001,1007.6,62.092,5.7349,31.291,1099.8,534.93,154.95,13.552,1.4638,64.024
2012,24.468,1006.0,72.551,3.6992,19.839,1057.2,549.97,109.44,10.537,4.2995,52.156
2011,27.225,1015.8,57.642,4.1296,25.894,1093.7,549.59,133.75,12.3,1.2237,66.326
2013,11.728,1009.7,96.805,2.5973,19.176,1052.7,550.19,109.72,10.307,2.9126,60.265
2012,5.7278,1010.1,55.004,5.7168,33.937,1100.0,526.18,165.83,14.205,0.53815,69.984
2013,23.607,1011.0,69.893,3.6883,25.213,1088.6,550.16,131.66,12.066,1.2579,60.58
2015,11.759,1017.3,78.903,3.4098,27.06,1085.1,550.14,138.18,12.235,2.7941,59.899
2013,15.599,1020.4,86.015,3.9355,31.575,1099.9,535.26,154.25,13.573,0.73059,72.045
2015,15.691,1002.9,88.057,2.8051,20.766,1045.8,550.0,108.26,10.35,3.1639,59.363
2011,23.514,1016.9,57.227,4.8377,30.496,1099.8,535.35,152.87,13.48,1.1886,61.999
2015,26.282,1015.2,77.114,4.3136,29.632,1099.9,545.39,147.07,13.157,1.6348,50.388
2012,22.413,1014.2,69.201,3.4228,20.423,1061.0,550.01,111.74,10.622,3.501,54.51
2014,27.937,1006.2,71.242,4.1749,25.357,1078.9,550.06,127.68,11.823,1.6807,51.566
2015,29.053,1010.4,56.689,4.3808,30.297,1100.1,544.22,148.53,13.296,1.1639,48.653
2015,2.9522,1031.5,81.622,3.2203,22.85,1073.9,550.14,130.18,11.678,3.8318,68.809
2011,16.334,1024.3,62.057,4.8725,31.071,1099.9,531.09,156.77,13.92,0.8438,67.612
2013,15.445,1008.8,93.814,4.4826,31.529,1100.0,534.06,155.23,13.669,0.5392,59.39
2013,32.704,1010.2,35.104,4.7927,26.622,1095.6,549.65,133.23,12.296,1.0212,72.896
2014,11.487,1017.7,96.392,3.5638,24.863,1077.4,550.14,133.81,11.945,1.3415,58.532
2013,22.555,1012.3,94.346,4.8387,25.881,1093.1,549.97,135.82,12.233,0.20156,58.755
2012,8.3858,1014.2,87.464,5.9259,32.814,1100.1,530.36,161.57,13.819,0.53798,68.934
2015,11.406,1020.3,72.591,2.5865,18.03,1026.7,539.39,102.24,10.228,13.236,101.84
2015,24.859,1008.9,62.196,3.8722,28.144,1097.6,549.76,142.63,12.713,2.0193,57.924
2014,28.05,1011.1,65.222,4.0376,25.184,1078.8,550.0,128.0,11.819,1.5405,54.508
2015,10.069,1021.8,77.874,4.152,35.835,1099.8,531.72,162.43,14.079,2.9949,51.483
2014,23.525,1009.7,82.621,4.25,27.782,1093.4,549.94,141.08,12.554,1.5019,58.537
2015,12.082,1013.3,70.08,2.5319,19.841,1042.5,548.7,107.61,10.318,5.2302,77.321
2011,26.837,1011.5,58.73,4.0851,25.805,1092.7,549.67,133.78,12.217,2.6523,67.347
2015,25.165,1009.2,64.411,3.6826,24.974,1080.4,549.9,130.21,12.007,1.7387,55.78
2014,16.949,1012.6,76.748,3.7633,25.935,1090.8,549.88,135.39,12.015,0.98648,62.724
2015,20.576,1014.6,90.899,3.8775,24.682,1080.5,549.59,131.44,11.858,1.8968,52.145
2012,34.831,1010.3,42.882,4.8615,29.54,1099.8,543.36,144.11,13.064,1.7753,64.291
2015,19.408,1003.2,76.778,3.6917,27.33,1092.8,549.88,142.03,12.475,1.9189,54.335
2014,11.392,1022.0,92.172,3.3359,25.245,1078.8,549.9,135.04,12.006,0.11124,86.161
2011,22.701,1017.5,64.737,4.7304,29.348,1100.0,539.4,147.71,13.299,1.1145,65.13
2012,17.884,1010.2,88.285,4.9166,30.38,1099.9,536.64,153.36,13.401,1.1484,69.211
2012,21.237,1007.5,71.041,4.9572,25.108,1088.0,550.26,132.7,11.946,0.64257,67.89
2011,20.989,1005.1,80.992,3.7062,25.091,1088.3,549.64,134.04,12.001,1.2723,67.065
2012,30.71,1007.2,67.288,4.2845,26.259,1092.5,549.69,132.78,12.201,1.901,62.99
2015,4.3889,1021.2,88.748,4.6674,33.457,1099.9,530.66,164.68,14.186,1.9388,49.208
2012,17.168,1015.3,83.152,3.5539,20.413,1061.5,549.93,114.21,10.708,4.4319,67.094
2012,10.853,1020.0,74.452,4.6566,24.355,1086.4,550.29,134.5,11.818,0.98222,77.755
2014,14.215,1001.4,87.287,3.6851,25.994,1080.2,550.14,135.51,11.924,0.78461,67.529
2015,11.299,1012.3,78.555,3.1107,22.139,1066.0,549.91,124.01,11.226,3.3475,60.817
2013,12.932,1001.7,87.312,3.1348,23.964,1083.4,549.83,132.68,11.782,3.2992,78.423
2011,13.437,1009.2,100.12,3.1622,18.969,1053.8,549.86,110.47,10.315,3.6846,69.039
2012,22.89,1009.2,93.668,4.5594,25.776,1091.4,549.8,134.64,12.251,2.0663,62.801
2012,8.1108,1017.2,73.6,4.5132,24.225,1085.0,549.65,134.69,11.798,1.7373,90.708
2015,27.581,1014.9,65.445,4.3931,30.141,1099.0,543.43,147.77,13.258,1.7435,51.004
2012,22.914,1008.0,94.328,3.5444,20.296,1059.9,549.88,111.81,10.566,4.3641,50.812
2014,11.921,1008.8,100.05,4.1829,24.825,1078.9,549.95,134.39,11.827,1.6899,63.734
2015,28.033,1008.7,45.289,4.0609,27.876,1096.1,549.73,140.37,12.674,1.1757,59.078
2011,9.9604,1014.9,76.949,4.005,23.801,1084.9,549.59,133.9,11.828,0.82534,76.823
2013,21.487,1013.9,95.555,3.2554,19.833,1057.9,549.99,109.99,10.526,4.4523,53.176
2011,14.925,1007.2,72.351,5.3704,31.261,1099.9,534.16,155.64,13.638,1.7795,71.423
2013,19.475,1027.6,56.851,3.2477,25.324,1090.0,550.15,133.6,11.977,3.0882,93.565
2013,18.002,1015.2,85.746,4.1552,19.624,1057.7,550.05,110.69,10.457,7.4019,83.724
2012,26.439,1005.9,76.105,4.3483,26.218,1093.2,550.08,134.73,12.252,4.2982,68.749
2013,22.811,1009.7,82.994,3.675,25.065,1087.9,549.98,131.4,12.019,1.919,62.811
2015,0.80927,1021.8,73.877,2.8321,20.711,1048.5,543.44,117.18,10.877,9.5885,100.91
2015,18.092,1018.6,76.694,3.3374,24.278,1079.1,550.15,131.0,11.908,2.3488,49.899
2012,25.413,1012.1,85.986,4.0816,25.479,1089.2,550.12,132.27,12.059,1.7761,58.599
2015,16.771,1026.8,75.158,2.6098,18.174,1031.4,542.56,101.21,10.112,10.823,82.89
2013,32.369,1011.2,34.541,5.4105,29.941,1098.2,540.07,144.82,13.151,1.1979,70.634
2015,32.558,1008.9,52.692,4.3323,29.582,1099.9,547.26,145.55,13.041,1.7909,55.849
2014,18.811,1013.3,76.781,3.7557,26.132,1090.8,549.99,134.88,12.105,1.3563,63.7
2013,10.169,1020.7,72.396,4.1254,31.638,1099.9,533.22,157.23,13.765,1.3706,73.32
2015,19.856,1015.6,70.009,3.7452,24.23,1078.7,550.16,130.38,11.794,1.8702,58.478
2011,8.7158,1029.3,85.731,5.5036,33.067,1099.9,525.6,164.16,14.204,1.7274,64.793
2011,25.905,1010.1,50.896,3.7455,25.552,1092.2,550.03,133.72,12.15,0.7278,68.449
2011,6.7431,1014.5,96.801,4.1579,23.687,1085.2,549.73,134.33,11.962,0.40679,77.735
2014,24.97,1016.0,65.028,4.7547,30.513,1100.0,544.29,150.57,13.304,1.0853,53.604
2013,27.4,1013.6,58.604,4.3051,24.089,1083.1,549.86,126.13,11.829,2.2484,60.101
2012,16.18,986.78,91.271,6.1409,31.538,1100.0,537.0,154.86,13.425,0.19455,67.376
2013,12.706,1020.8,91.924,3.1253,24.448,1084.8,549.16,133.29,11.939,1.1279,63.528
2012,22.531,1015.0,81.394,3.5235,21.387,1065.7,549.99,115.47,11.007,4.2511,56.268
2015,16.807,1019.6,69.522,3.2954,21.578,1062.6,550.04,119.53,11.085,3.3444,57.451
2011,21.164,1006.9,86.649,3.0801,19.955,1058.8,550.08,111.74,10.468,1.7362,55.143
2015,23.006,1007.6,86.722,4.4101,30.058,1099.9,544.85,148.23,13.243,0.85968,53.622
2012,8.3781,1014.4,87.131,6.0099,33.592,1100.2,528.09,162.97,14.097,0.46928,68.379
2013,15.329,1019.7,69.796,3.2791,25.285,1089.4,550.31,135.0,12.012,1.257,69.073
2013,11.1,1005.5,100.16,3.1654,24.047,1083.5,549.64,133.43,11.859,2.3948,74.365
2012,26.741,1015.4,60.975,4.1101,25.814,1091.9,550.42,133.87,12.115,1.5849,67.892
2012,27.159,1011.2,67.381,4.1283,25.571,1090.0,550.36,132.84,12.155,1.0225,65.851
2012,26.103,1014.8,66.454,4.2032,25.865,1092.4,550.02,133.75,12.186,1.5131,65.904
2011,6.5748,1016.6,89.068,3.7691,23.534,1084.5,549.91,135.01,11.815,1.632,79.534
2012,9.5155,1028.5,74.714,5.8194,33.627,1099.8,526.77,162.34,14.123,1.9864,72.275
2014,25.209,1012.2,72.729,4.1459,25.072,1079.0,549.66,128.06,11.883,1.5444,52.92
2013,12.76,1009.1,100.14,2.7996,18.974,1051.2,549.88,108.29,10.241,3.0685,61.389
2014,19.249,1012.4,69.136,3.7695,25.409,1081.7,550.03,134.13,12.068,1.8257,65.276
2014,16.006,1011.9,83.637,3.6205,25.732,1080.1,550.07,134.9,12.02,1.346,58.792
2014,19.424,1011.4,99.15,5.3111,30.779,1100.2,543.07,150.1,13.294,1.1854,55.408
2014,32.071,1010.6,62.181,4.9222,29.809,1100.0,547.56,144.77,12.998,1.7337,56.072
2015,13.323,1014.7,39.851,3.417,29.624,1081.6,550.35,134.63,11.965,3.4073,70.258
2012,0.86433,1004.8,84.945,5.0799,28.943,1078.3,530.46,147.56,12.835,2.8935,90.49
2015,11.292,1018.0,90.143,3.5823,23.551,1076.8,549.73,131.37,11.826,2.6853,57.487
2014,9.1293,1021.4,62.247,4.0222,34.857,1099.9,532.97,161.71,14.027,2.101,58.27
2015,28.193,1015.4,50.862,4.2173,30.222,1099.9,543.88,149.17,13.268,1.9017,51.561
2015,16.562,1010.5,83.432,2.6615,18.219,1041.0,550.16,103.99,10.131,5.794,58.266
2014,26.608,1003.8,90.014,4.2004,25.597,1080.8,550.19,129.58,11.844,1.8168,49.461
2013,11.092,1016.5,95.527,4.1709,33.099,1100.0,527.8,162.06,14.116,1.701,68.24
2012,25.387,1006.8,55.027,4.7465,22.447,1072.1,550.14,120.65,11.286,2.0297,68.674
2012,3.5532,1027.3,90.871,4.2162,21.464,1041.2,531.68,117.76,10.984,8.8254,106.84
2013,26.499,1010.7,60.116,3.7712,20.221,1057.8,550.04,108.04,10.482,4.2602,56.705
2013,14.883,1021.4,85.663,3.2457,25.291,1081.4,549.34,135.17,12.056,1.3783,64.953
2012,11.34,1014.7,74.867,4.7941,25.461,1090.8,549.85,138.49,12.111,0.96741,78.903
2014,25.256,1008.5,86.915,4.107,25.279,1079.1,549.87,128.85,11.912,1.7228,47.999
2014,15.208,1016.2,71.086,2.788,24.577,1067.3,549.87,123.87,11.227,1.5433,59.574
2012,13.74,1005.2,72.164,3.9883,19.433,1055.0,549.9,111.06,10.285,3.0688,78.957
2011,28.184,1009.2,56.045,4.416,30.403,1100.2,538.51,149.66,13.342,0.74357,58.28
2011,26.14,1010.9,58.776,3.9095,25.655,1092.3,550.41,133.76,12.3,0.59379,62.915
2012,23.164,1008.1,93.307,4.2626,25.335,1088.2,550.3,132.76,11.976,1.9286,58.55
2013,20.032,990.52,52.779,2.9454,20.205,1056.1,550.0,109.73,10.497,3.8571,74.815
2013,16.887,1005.7,81.258,2.6773,19.656,1055.9,550.08,110.56,10.532,4.6125,63.657
2011,9.9078,1026.1,65.923,3.3126,19.366,1024.5,527.21,108.08,10.506,20.271,105.66
2011,6.9188,1014.5,89.859,3.6367,23.733,1085.4,549.9,133.69,11.789,0.77359,82.778
2013,15.448,1000.6,80.352,3.2341,24.7,1086.2,549.83,133.84,11.856,1.6289,74.417
2013,28.5,1006.6,51.402,4.7888,25.846,1090.8,550.38,131.46,12.121,1.062,66.013
2014,24.011,1009.2,95.788,4.1406,25.121,1078.6,550.02,129.23,11.935,2.0886,48.439
2014,17.337,1012.0,85.518,3.7819,25.741,1088.8,550.04,134.08,12.002,1.1885,61.498
2012,23.237,1018.2,71.694,4.3064,25.573,1091.7,550.33,133.64,12.15,1.9951,66.323
2012,26.981,1016.4,72.752,4.1084,23.501,1078.0,549.25,122.99,11.505,3.4551,57.123
2013,13.083,1015.0,79.449,3.2442,24.093,1084.3,550.05,131.6,11.744,2.3315,80.559
2015,5.5457,1015.8,80.155,2.5489,21.29,1041.2,545.54,110.3,10.424,7.3654,77.364
2015,21.178,1017.5,77.227,4.3208,30.976,1099.9,540.45,151.85,13.529,1.2858,47.335
2015,18.978,1007.3,79.38,3.3722,24.592,1078.8,549.88,131.35,11.914,2.5668,53.484
2012,26.8,1011.4,75.994,3.7543,20.788,1062.1,550.17,111.2,10.718,3.9903,49.07
2014,18.41,1004.5,88.826,4.6644,31.268,1100.0,541.89,153.41,13.409,1.1669,68.396
2014,16.533,1011.3,98.366,4.2087,24.658,1078.4,549.93,132.26,11.842,1.4531,61.172
2011,11.205,1018.6,95.731,4.4064,24.614,1088.1,549.98,135.89,11.953,1.4165,75.667
2012,6.7563,1010.7,96.904,6.3701,33.365,1100.0,527.81,164.22,14.122,0.68211,83.198
2011,28.524,1011.5,57.036,4.2101,26.121,1093.0,549.13,133.18,12.351,0.74232,62.703
2013,15.856,1002.1,99.493,2.5962,20.211,1057.4,550.01,111.58,10.465,5.0469,71.149
2013,18.874,1016.8,94.122,2.8527,19.465,1055.3,549.94,108.53,10.369,4.9359,58.571
2014,16.647,1009.1,84.474,3.0826,20.075,1050.5,550.22,111.5,10.483,4.7578,66.378
2012,27.38,1016.0,61.187,4.4077,25.971,1093.6,550.11,133.74,12.238,1.0507,67.039
2013,12.301,996.22,89.149,2.5434,18.975,1050.6,549.15,109.02,10.311,5.1961,78.316
2012,26.589,1014.1,61.018,4.0759,23.81,1080.9,549.67,125.3,11.6,1.8944,61.522
2015,22.73,1009.1,74.093,4.26,30.123,1099.9,544.55,149.27,13.268,1.5431,52.044
2013,23.708,1020.6,76.961,3.7316,29.059,1099.8,544.41,144.32,12.97,1.2625,101.87
2015,14.113,1019.8,69.906,2.5787,18.525,1042.1,547.53,107.0,10.264,6.6272,65.624
2012,20.401,985.85,59.854,5.7456,30.095,1100.1,541.99,148.14,13.086,0.73682,79.053
2015,16.782,1007.4,78.424,4.2429,30.928,1100.0,541.5,153.61,13.458,1.413,54.751
2013,11.056,1018.3,70.087,4.3095,33.343,1100.1,526.81,162.02,14.12,0.46489,69.745
2013,4.6359,1021.1,89.649,2.7689,21.087,1067.6,549.89,121.75,11.018,2.4267,65.916
2015,8.7136,1024.8,71.354,4.1306,33.289,1100.1,532.64,161.9,14.044,2.6918,58.217
2014,21.551,1019.4,69.212,4.5744,25.126,1081.7,549.82,130.69,11.999,1.7304,56.868
2014,29.32,1006.3,62.227,4.1725,25.533,1080.4,550.07,128.45,11.949,1.9681,56.696
2013,25.273,1015.6,76.269,6.5124,30.765,1100.0,537.63,148.87,13.395,0.74221,55.014
2015,15.976,1016.7,62.792,3.4596,27.755,1084.3,549.78,136.06,12.194,3.4232,65.006
2012,10.616,998.29,100.14,4.6269,24.461,1084.1,550.15,133.72,11.784,1.5232,74.606
2015,21.635,1015.7,62.148,2.7356,20.482,1049.4,550.3,108.43,10.462,4.5313,52.269
2011,20.518,1007.5,89.969,2.8639,17.939,1046.6,549.62,102.78,10.064,5.1255,71.576
2011,20.29,1012.6,76.162,3.9306,27.901,1093.6,542.96,143.63,12.673,0.79203,60.021
2013,13.185,1013.1,81.798,4.2257,31.455,1099.9,533.72,156.14,13.639,0.85764,65.77
2015,22.193,1006.4,74.403,4.3733,30.215,1100.3,544.27,149.86,13.251,1.2449,58.03
2015,27.6,1010.5,54.388,3.9039,25.344,1083.1,550.08,130.91,12.023,1.5725,58.032
2011,7.1878,1020.3,82.389,4.2138,28.507,1091.5,536.99,149.68,13.057,1.1073,76.661
2014,21.68,1009.5,70.09,5.0659,28.568,1098.4,549.66,143.48,12.825,1.5155,64.007
2014,23.332,1009.6,83.418,4.8031,31.657,1100.0,540.93,151.91,13.448,1.5074,56.335
2012,17.737,1024.9,62.859,4.4611,22.749,1076.0,550.17,124.45,11.393,1.6641,76.234
2012,28.578,1012.2,71.459,4.246,26.317,1093.6,549.89,133.88,12.246,1.6146,64.424
2012,19.13,1015.2,89.927,3.9567,22.996,1076.4,550.27,124.1,11.408,4.2833,66.402
2014,3.7777,1014.2,92.955,3.5326,24.845,1085.9,550.39,136.77,11.811,1.2838,66.391
2015,15.339,1019.1,80.088,3.2643,23.81,1077.3,550.03,130.67,11.813,2.2061,49.667
2011,12.173,1019.7,76.396,5.0547,32.104,1100.1,529.69,159.92,13.938,1.2084,66.11
2014,29.763,1009.7,59.749,4.0803,25.389,1080.2,550.11,127.9,11.861,1.0937,45.974
2013,16.796,1021.2,79.458,4.0602,32.014,1100.0,533.33,155.3,13.685,1.2272,70.754
2011,15.423,1023.7,70.59,3.1464,18.656,1028.7,532.97,103.81,10.323,13.126,110.78
2014,16.444,1005.7,74.685,3.0794,19.212,1038.5,545.2,106.35,10.237,5.3101,80.72
2012,28.692,1008.9,74.96,4.2622,26.3,1093.0,550.01,133.82,12.218,1.7005,62.383
2014,24.461,1013.4,73.022,5.1431,30.443,1100.1,544.4,148.5,13.27,1.0389,52.124
2014,10.808,1017.6,82.792,3.5591,25.156,1078.6,549.99,134.88,11.971,1.2274,63.268
2015,7.24,1024.2,73.888,4.5897,33.071,1099.2,530.95,162.7,14.124,2.4253,50.296
2011,22.095,1009.7,88.111,3.7314,25.463,1091.0,550.02,134.31,12.011,0.75842,60.809
2014,15.762,1003.5,86.003,4.4803,31.706,1099.9,543.1,153.35,13.405,1.2669,86.396
2011,9.0924,1030.6,68.059,3.9494,23.452,1085.4,550.1,133.77,11.981,1.7362,82.045
2011,19.511,1008.1,84.435,3.9477,25.386,1091.5,550.12,135.76,12.175,0.46087,65.225
2014,22.78,1009.2,93.475,3.5566,20.314,1051.9,550.12,109.77,10.495,4.4583,50.715
2014,22.833,1019.6,77.086,4.2103,22.879,1068.1,550.07,120.72,11.402,2.4846,54.978
2014,6.7727,995.72,100.09,2.9982,21.146,1054.3,550.35,119.15,10.86,1.1831,58.586
2011,12.716,1014.3,84.082,3.8794,24.263,1086.0,550.33,133.66,11.886,0.81178,74.101
2013,22.655,1002.1,70.978,3.7011,24.417,1083.4,549.95,129.52,11.778,2.1539,64.004
2015,14.667,1014.3,73.793,3.3991,24.97,1083.0,550.23,135.42,12.148,2.505,62.475
2014,8.332,1012.9,96.856,3.7499,25.226,1086.9,549.81,135.81,11.872,1.4763,62.664
2014,17.316,1011.4,91.508,3.6032,24.132,1074.7,549.98,129.25,11.643,1.8268,59.367
2012,28.823,1012.5,59.301,4.6516,26.697,1096.4,549.63,135.69,12.43,1.6306,66.906
2011,13.585,1010.2,89.664,3.9199,24.507,1087.0,549.95,134.78,11.868,1.1288,71.948
2015,0.48596,1017.8,72.909,2.9611,23.865,1073.5,550.07,132.15,11.57,3.0545,83.888
2012,28.403,1012.4,52.461,4.2349,26.085,1093.0,550.31,133.82,12.169,2.3454,85.279
2011,11.573,1014.4,100.14,4.3535,24.388,1086.9,549.98,134.52,11.957,1.5281,73.509
2011,6.8998,1023.4,82.083,4.2331,23.768,1087.2,550.22,133.67,11.919,2.0787,85.404
2011,29.392,1009.5,54.392,3.934,25.816,1092.7,550.37,134.28,12.303,0.35476,64.771
2012,31.475,1009.0,57.518,4.4583,26.769,1096.1,549.95,134.83,12.366,1.8577,67.294
2012,9.5545,1015.8,91.394,2.7334,23.766,1083.1,550.01,133.38,11.811,1.5482,66.071
2011,11.06,1016.7,89.988,4.3781,23.893,1085.1,550.13,133.69,11.758,1.2808,76.069
2011,9.9367,1011.7,94.682,4.137,23.746,1084.0,549.93,133.73,11.768,0.7338,75.166
2015,9.8723,1017.4,56.245,3.1672,26.684,1074.9,549.84,130.72,11.617,3.6304,75.203
2013,14.624,1022.5,85.944,3.9104,31.101,1096.2,538.86,153.91,13.508,1.1342,80.078
2011,15.075,1021.4,79.279,3.9842,24.482,1088.1,550.15,133.65,11.854,1.9933,77.396
2012,16.615,1013.9,80.331,4.7541,24.486,1085.7,550.17,132.06,11.844,1.1276,72.883
2013,6.1559,1012.4,92.045,3.012,23.741,1083.3,550.03,134.11,11.733,2.578,83.831
2011,17.299,1018.2,90.191,4.8204,30.74,1100.4,534.16,154.54,13.742,1.1915,61.489
2015,17.279,1012.2,77.817,4.3116,30.891,1100.0,541.15,153.06,13.403,1.9944,53.514
2014,24.452,1011.9,68.244,3.9866,23.598,1071.4,549.97,123.12,11.46,1.8311,52.575
2011,7.6019,1027.3,79.166,4.5576,25.564,1090.6,545.45,142.58,12.375,1.064,76.408
2013,11.579,1006.5,97.478,3.9599,32.508,1100.0,530.14,160.6,13.844,0.82415,68.531
2015,15.892,1001.5,73.278,4.0297,35.413,1099.9,544.02,151.68,13.277,2.1587,63.762
2013,20.972,1009.8,93.856,4.3748,23.977,1082.4,550.17,128.29,11.704,2.4485,58.766
2012,18.905,1007.5,91.509,4.3746,25.193,1088.8,550.17,134.42,11.963,0.45226,64.255
2015,21.395,1008.1,69.387,2.868,19.755,1049.0,550.22,108.64,10.441,4.397,54.807
2012,4.0341,1006.8,88.826,2.7018,22.964,1080.0,549.99,132.97,11.635,1.8287,81.187
2012,14.375,1013.4,95.098,4.3706,23.089,1077.6,549.84,126.93,11.502,2.4331,66.27
2013,24.334,1013.1,86.046,4.4017,23.319,1078.5,550.02,124.1,11.608,2.823,53.578
2013,15.847,1020.6,88.976,3.1663,24.863,1083.6,549.93,133.26,11.99,0.93293,61.359
2014,30.993,1011.5,69.304,4.1911,24.216,1073.6,550.06,122.06,11.544,1.7807,47.398
2011,16.495,1019.3,46.611,4.4405,30.775,1100.0,532.11,156.7,13.786,0.5522,62.114
2015,18.672,1003.5,82.186,4.1802,30.092,1099.9,544.43,150.97,13.246,1.687,54.058
2014,23.378,1005.5,88.973,4.9632,30.511,1100.0,544.97,147.94,13.201,1.3772,54.072
2014,14.078,1016.5,72.001,3.6868,25.382,1079.1,549.85,133.91,12.028,1.3056,63.17
2013,11.85,1011.1,78.123,4.2301,32.514,1099.9,529.93,160.13,13.912,0.8528,74.87
2015,21.728,1018.1,83.025,3.1285,20.232,1054.1,549.93,111.93,10.705,4.9115,53.799
2012,25.698,1012.4,52.894,4.46,25.859,1092.0,550.13,133.77,12.183,0.91512,69.347
2013,13.89,1011.3,92.947,3.3609,24.761,1087.5,550.1,134.8,11.987,1.5252,69.461
2015,8.3891,1016.3,75.936,4.0948,33.02,1099.9,532.99,162.78,14.022,2.8722,60.582
2014,27.935,1006.8,67.641,5.0814,29.678,1100.1,547.88,145.43,13.068,1.4963,57.793
2013,12.113,1012.1,82.718,4.2689,32.16,1100.0,531.77,158.48,13.794,0.91859,63.521
2012,22.119,1016.1,88.455,3.4724,20.282,1059.5,549.93,110.75,10.623,3.4656,50.273
2015,25.87,1013.0,65.975,4.6622,30.404,1100.1,543.34,148.72,13.335,1.3648,41.4
2013,21.01,1010.5,89.245,3.684,25.253,1089.0,550.03,132.99,12.077,1.4318,70.696
2015,11.093,1015.3,70.745,3.0713,22.08,1066.6,549.99,124.45,11.352,3.2292,62.36
2011,32.362,1003.9,59.838,4.437,29.441,1100.1,543.03,145.3,13.048,0.22763,53.844
2012,29.136,1012.0,50.869,4.227,26.13,1093.2,549.77,133.8,12.232,1.4016,67.447
2011,19.022,998.67,74.609,3.5614,19.865,1057.6,549.98,112.32,10.616,2.9618,69.303
2011,15.578,1013.6,57.705,4.1493,29.439,1100.2,537.42,153.75,13.411,1.3146,69.477
2011,12.502,1007.8,96.287,4.8115,26.52,1089.4,544.75,140.09,12.469,1.2687,72.303
2015,7.7092,1019.0,82.096,3.4001,24.656,1082.9,550.28,137.35,12.09,2.8759,69.684
2013,23.777,1011.9,93.27,4.1197,20.195,1059.2,550.04,110.36,10.613,4.0224,45.326
2011,20.746,1011.1,86.661,3.1182,19.962,1059.5,549.96,112.36,10.736,2.0381,56.655
2015,13.244,1004.8,78.75,2.7786,25.277,1049.7,549.31,112.05,10.496,5.3475,64.601
2014,25.968,1013.0,62.401,5.2518,30.344,1099.8,544.77,147.89,13.196,1.1235,55.552
2011,14.603,1021.9,72.09,5.0659,31.959,1099.7,531.24,157.6,13.82,0.88622,66.694
2014,6.2266,1020.3,91.013,3.4157,24.128,1073.6,549.84,132.65,11.754,1.4579,65.25
2014,10.752,1021.9,95.489,4.5209,33.791,1099.9,534.41,162.32,14.033,1.1645,82.832
2015,25.281,1009.1,69.565,3.696,25.201,1081.3,550.01,130.96,11.882,1.9682,54.538
2013,5.18,1020.6,91.641,3.0921,23.625,1083.4,549.93,133.52,11.756,2.3467,87.378
2014,13.442,1019.4,50.999,3.6564,25.26,1087.8,549.97,134.51,11.972,1.1463,64.12
2015,4.6461,1023.9,80.172,3.2296,22.17,1069.8,550.32,127.63,11.496,3.6518,67.014
2012,5.0159,1028.7,90.759,6.0522,34.567,1100.0,523.47,166.9,14.358,0.28401,61.866
2013,20.098,1009.2,99.48,3.9762,25.079,1088.9,549.83,133.73,12.085,7.3577,60.801
2013,21.019,1007.3,93.995,3.1604,19.575,1055.8,550.06,109.23,10.391,9.9324,53.231
2015,15.775,1007.9,85.715,4.2369,30.168,1100.1,543.13,152.04,13.377,1.4924,51.794
2014,19.167,1006.6,85.665,3.8796,25.71,1082.7,550.08,135.03,12.119,0.5783,60.216
2015,9.5177,1017.5,76.821,3.1827,28.005,1074.9,550.03,130.68,11.725,4.0424,68.883
2013,28.052,1001.0,45.375,4.0751,25.599,1089.3,549.81,132.54,12.044,0.29198,63.802
2011,7.0769,1022.9,85.156,4.1591,23.541,1083.6,549.99,133.33,11.822,0.86253,60.38
2012,32.756,1010.7,58.48,4.7804,28.336,1099.5,547.04,137.76,12.698,2.0368,68.083
2011,28.899,1014.5,62.475,4.1269,26.183,1094.6,549.88,134.34,12.284,0.24758,60.988
2015,26.05,1015.0,80.437,4.2792,29.261,1100.0,546.67,146.16,13.129,1.8109,51.819
2012,19.069,1014.3,96.528,4.9021,25.24,1089.6,550.39,134.04,12.078,2.9335,63.993
2011,13.246,1017.5,86.294,4.4066,23.901,1085.7,550.26,133.25,11.844,1.068,75.18
2011,28.873,1014.4,61.904,4.1353,26.128,1094.4,550.0,133.81,12.29,0.42908,60.469
2015,20.067,1014.0,75.141,3.8549,27.596,1095.1,549.55,142.75,12.642,1.7822,54.96
2012,13.303,1015.3,58.964,4.7452,24.615,1086.1,550.12,133.66,11.894,1.0508,81.573
2012,24.411,1018.6,65.098,4.3444,25.634,1092.5,550.14,133.65,12.193,1.5829,66.802
2011,7.1929,1024.0,67.739,3.8745,23.334,1083.5,550.04,132.93,11.708,1.8193,83.631
2012,16.397,1005.8,80.114,5.97,31.747,1100.2,534.83,155.85,13.579,0.69376,65.335
2015,7.3073,1015.2,65.111,2.6458,21.388,1049.7,546.41,115.7,10.695,6.9319,92.216
2011,10.722,1016.5,80.263,4.7526,32.739,1100.2,528.93,160.6,14.049,1.3484,71.115
2012,15.167,1004.3,93.862,4.4638,19.939,1057.5,550.01,112.69,10.382,3.7189,69.517
2014,14.866,1000.7,91.427,3.518,25.532,1078.0,549.95,134.22,11.974,1.7565,65.655
2011,11.353,1014.7,100.06,3.832,23.923,1085.4,549.99,133.69,11.841,1.0047,71.596
2011,21.469,1006.1,98.075,4.0544,25.336,1090.0,550.37,133.18,12.139,0.78592,57.8
2011,10.092,1018.4,89.794,3.9899,23.887,1085.7,550.03,134.33,11.971,0.6163,72.017
2012,7.7547,1013.6,89.279,3.9773,19.793,1040.1,537.68,111.72,10.651,6.7094,84.816
2012,21.538,1012.6,58.543,3.8931,18.981,1051.5,549.99,105.87,10.334,3.2079,64.429
2012,27.378,1009.9,89.55,4.2935,25.886,1091.5,550.25,133.14,12.105,1.5133,54.096
2011,21.187,1007.5,71.36,3.1009,19.727,1057.7,549.95,110.79,10.614,2.1925,59.334
2013,21.332,1011.5,79.763,3.6364,24.849,1087.2,549.72,131.68,12.014,2.0687,65.822
2011,28.791,1016.1,53.346,4.1166,25.996,1094.3,549.85,133.76,12.255,0.65165,63.315
2012,20.232,1017.3,80.925,4.3052,25.349,1089.9,549.93,132.85,12.073,1.3007,65.03
2014,27.79,1013.6,83.389,4.0331,23.402,1069.3,550.4,120.63,11.441,2.0296,46.146
2012,7.0321,1010.4,91.962,4.2651,23.936,1084.2,550.19,134.28,11.84,1.6717,80.6
2013,18.212,1020.1,71.2,4.183,32.488,1100.0,532.48,155.57,13.773,1.2041,72.325
2014,10.602,1015.5,99.873,3.3367,22.713,1063.9,549.98,124.49,11.234,1.4399,59.062
2011,21.654,1013.1,82.465,3.6504,25.192,1089.6,549.78,134.46,12.03,0.56567,59.455
2011,16.846,1021.1,88.586,3.9204,24.917,1087.7,548.2,134.76,12.154,2.3298,75.29
2011,17.119,1014.8,87.032,4.4487,31.245,1099.6,534.02,155.91,13.534,0.71426,57.977
2013,19.892,1020.7,87.445,3.2277,25.467,1090.3,549.7,134.43,12.104,2.3829,88.975
2014,31.473,1010.8,61.715,4.9681,29.906,1100.0,546.88,145.28,13.058,2.1389,49.76
2015,30.102,1005.7,56.18,4.2401,29.218,1099.8,548.08,145.39,12.957,2.0445,55.588
2015,11.205,1010.9,57.915,4.2038,32.428,1100.0,536.08,158.9,13.837,2.4453,64.299
2015,20.445,1018.0,49.139,3.1867,20.987,1058.3,549.96,115.05,10.894,3.5189,62.299
2013,26.058,1010.1,79.917,3.6964,20.322,1059.4,550.0,109.51,10.672,4.6034,49.335
2013,10.482,1014.5,89.992,4.2709,32.646,1099.9,529.95,160.28,13.919,1.4942,71.385
2011,28.879,1007.2,46.601,4.4506,29.951,1097.7,538.94,146.6,13.195,0.61635,62.938
2014,12.847,1018.7,90.872,3.5542,25.293,1078.5,549.96,134.55,11.992,1.8427,62.651
2014,33.922,1005.7,55.066,4.2146,24.584,1074.2,550.09,121.76,11.699,2.0916,48.947
2015,16.627,999.54,84.79,3.455,23.829,1074.6,550.33,129.23,11.688,2.7578,50.52
2013,11.457,1007.7,71.858,3.0677,24.473,1086.0,550.07,134.67,11.959,1.4147,78.75
2015,14.891,1016.0,74.274,3.1919,22.936,1072.0,549.6,126.9,11.505,2.81,56.67
2011,26.505,1010.9,50.941,4.485,30.024,1099.6,540.51,144.14,13.307,0.44111,68.603
2014,9.8621,1011.2,93.379,3.21,21.319,1058.8,549.83,119.36,10.936,2.6257,56.846
2012,8.3284,1011.4,93.426,3.8435,33.542,1099.9,525.82,165.82,14.23,0.81033,65.021
2015,14.129,993.29,67.684,3.038,25.494,1061.7,550.17,121.13,10.984,4.1281,69.825
2011,19.33,1009.9,88.5,3.2151,20.015,1059.7,549.91,112.21,10.495,3.4572,61.493
2014,6.5213,1030.7,88.799,3.5805,25.151,1082.0,550.14,135.63,12.055,0.92027,66.413
2013,13.972,1014.0,96.335,3.7939,29.554,1099.9,541.85,150.03,13.154,1.6843,82.404
2011,8.0019,1013.3,70.238,4.1872,23.965,1086.1,550.15,133.67,11.887,1.2368,82.028
2015,9.8615,1010.9,73.817,3.2776,28.226,1076.7,550.07,132.03,11.822,3.2615,66.868
2011,21.117,1000.9,65.368,4.8126,25.006,1088.5,550.07,133.23,12.107,1.0126,71.623
2013,19.55,1018.7,74.369,4.1137,31.968,1099.8,534.48,154.04,13.664,1.0109,71.671
2013,13.171,1010.3,82.223,3.0935,24.071,1085.3,549.96,133.72,11.903,2.3157,72.202
2013,14.637,996.31,84.806,2.6169,19.331,1053.6,550.0,109.71,10.306,4.1643,55.911
2013,26.112,1011.4,54.37,4.2925,25.457,1091.2,550.32,133.08,12.136,1.7521,69.463
2012,17.137,1014.7,93.564,4.5068,24.668,1087.2,549.93,132.74,12.024,1.6259,63.369
2011,26.19,1015.9,56.984,4.0165,25.75,1092.7,549.84,133.71,12.124,0.31917,64.213
2015,12.952,1012.9,77.489,2.6083,23.877,1045.0,549.87,108.3,10.314,5.8547,72.193
2011,19.811,1017.5,90.253,4.9318,30.504,1100.2,535.0,152.14,13.625,1.3033,60.449
2011,6.1867,1012.3,91.762,4.0763,23.676,1084.7,549.82,133.68,11.823,3.3546,86.078
2012,4.3607,1027.8,87.073,5.9956,34.562,1100.1,523.72,167.74,14.367,0.45674,61.88
2013,27.554,1007.4,65.294,4.2834,25.964,1092.5,549.92,133.95,12.188,1.7576,64.125
2013,26.101,1008.7,88.5,6.1004,29.977,1100.1,541.58,145.54,13.143,1.606,71.901
2014,16.499,1014.9,98.213,4.4779,24.499,1078.6,549.94,130.57,11.842,1.7282,57.685
2012,28.542,1017.4,49.822,3.5644,20.68,1062.0,549.97,110.79,10.742,2.2641,49.794
2013,20.49,1010.2,97.629,3.3823,19.619,1055.8,549.98,109.14,10.487,4.6254,53.955
2013,8.0316,1003.1,97.78,3.0052,23.604,1082.0,549.94,132.97,11.764,2.2932,80.477
2014,21.623,1002.4,82.107,3.7722,25.384,1080.5,549.86,132.83,11.99,2.048,58.269
2012,16.47,1001.3,82.837,3.8769,30.948,1099.9,534.06,156.22,13.593,0.95229,72.172
2014,13.853,1013.0,88.024,2.3797,20.757,1045.0,550.18,108.23,10.3,3.788,67.366
2013,21.71,1017.9,68.33,3.5106,25.017,1089.4,549.85,133.18,12.009,1.9417,66.936
2012,18.487,1015.4,92.56,3.5752,19.709,1057.0,550.07,111.05,10.491,4.4569,61.807
2012,17.671,1009.0,79.792,4.2459,25.024,1088.3,550.07,133.86,11.991,1.3837,69.618
2012,29.105,1010.0,73.51,4.2463,26.262,1093.5,550.11,133.83,12.235,1.2008,69.758
2015,28.242,1009.2,67.783,4.3139,29.628,1099.8,546.15,146.44,13.145,1.9161,54.455
2015,19.068,1023.9,70.931,3.1011,19.521,1051.6,550.01,110.52,10.538,4.1653,51.942
2011,13.702,1009.7,98.992,4.3343,29.681,1100.0,537.16,155.06,13.333,0.71651,64.579
2015,28.278,1007.7,37.686,3.3321,22.461,1065.6,549.94,119.49,11.189,2.3402,52.025
2014,20.06,1009.2,94.692,5.0587,30.546,1099.8,544.23,149.48,13.29,1.2845,55.146
2012,7.82,1027.7,70.33,4.4907,24.268,1087.2,549.97,136.24,11.922,1.268,81.503
2015,25.216,1013.6,50.392,4.5728,29.907,1100.0,544.44,149.55,13.251,1.5172,58.698
2015,31.115,1007.3,62.654,4.3669,28.97,1099.8,548.63,144.72,12.96,1.706,53.69
2013,18.43,1014.5,82.262,3.3418,25.031,1087.4,550.12,132.84,11.943,1.9141,71.26
2013,17.28,1016.8,86.307,3.419,26.732,1095.4,549.38,139.78,12.452,1.129,71.509
2012,25.65,1008.9,88.371,4.3129,25.948,1091.4,550.41,134.25,12.227,1.1032,58.825
2015,12.712,1002.1,65.63,3.1691,25.612,1073.4,549.97,129.89,11.618,3.6507,65.274
2011,12.972,1005.0,93.668,4.5652,26.863,1089.7,544.11,141.6,12.523,1.3598,70.653
2011,18.699,1019.0,41.826,3.6499,24.677,1088.9,550.01,134.12,11.969,1.6162,77.486
2015,23.214,1015.3,57.87,3.715,26.335,1088.2,549.2,137.21,12.323,1.9683,56.563
2011,23.547,1005.0,98.655,3.3887,20.46,1060.7,550.04,112.78,10.593,1.6673,49.64
2013,15.992,1004.1,91.204,3.3978,24.756,1086.5,550.0,133.59,11.918,1.547,68.643
2012,29.9,1010.3,43.562,4.8047,30.349,1099.6,539.84,147.4,13.264,0.39045,64.78
2015,32.029,1006.8,48.417,4.3192,29.261,1099.8,547.93,146.3,12.973,1.6994,56.757
2013,6.1731,1020.9,91.118,3.3192,24.955,1088.6,549.76,135.08,12.016,0.85563,71.536
2012,26.33,1005.6,56.663,4.1282,25.965,1092.0,549.64,134.47,12.195,0.72303,63.522
2011,25.716,1004.0,67.274,3.0892,20.174,1058.9,549.9,110.8,10.591,1.8828,54.369
2012,24.472,1016.6,69.229,4.3402,25.644,1091.8,549.92,133.77,12.176,0.73498,64.202
2015,-0.76101,1021.7,67.056,2.508,19.129,1052.0,549.65,114.36,10.613,4.819,91.878
2015,18.089,1019.2,74.353,3.471,24.21,1078.0,550.08,129.96,11.739,2.9168,53.348
2015,9.5386,1012.6,84.35,2.6995,18.344,1033.4,543.5,105.06,10.158,7.2318,89.071
2015,14.609,1007.6,63.861,2.8447,25.372,1058.5,549.9,117.77,10.877,2.8504,66.574
2011,8.8955,1010.9,66.903,5.303,32.963,1099.9,528.32,162.35,13.979,1.0292,70.312
2012,8.999,1021.1,89.396,2.1996,19.117,1038.3,537.45,109.47,10.528,10.057,93.431
2015,19.161,1009.2,85.865,3.0764,20.826,1057.2,550.32,115.2,10.796,4.0911,52.036
2013,23.636,1003.2,78.915,4.2838,25.906,1092.5,550.0,135.39,12.132,1.3304,68.818
2012,22.863,1016.6,76.472,4.3102,25.56,1091.8,550.07,133.74,12.154,0.71738,64.439
2012,27.001,1008.6,92.454,4.3579,26.203,1092.2,550.17,133.7,12.183,1.9582,55.774
2011,23.973,1013.1,93.011,3.2156,20.332,1060.5,550.1,111.72,10.682,2.3962,47.395
2013,24.389,1010.5,79.596,3.6357,21.115,1065.6,549.92,114.97,10.857,3.1024,52.399
2011,21.391,1009.9,75.004,3.0038,19.823,1058.2,550.03,111.01,10.64,2.3862,61.513
2013,21.322,1018.7,72.247,3.4628,24.702,1088.2,550.18,132.41,11.97,1.6191,66.212
2015,25.342,1012.1,46.805,4.3262,30.401,1100.0,543.37,150.22,13.354,1.7948,49.631
2012,19.823,1005.5,73.337,6.0106,31.18,1099.8,537.22,152.64,13.556,1.4756,67.034
2015,10.909,1006.0,90.808,3.7676,30.713,1079.4,548.81,134.8,11.973,3.0201,61.31
2011,17.048,1017.6,81.225,4.537,29.061,1099.9,539.65,150.79,13.218,0.91347,67.625
2013,15.253,1013.1,79.905,2.4546,19.466,1054.0,549.82,109.18,10.412,5.6145,75.593
2015,14.256,1012.2,65.233,3.2005,27.249,1076.6,549.84,131.21,11.67,3.3044,64.474
2014,16.54,1016.1,64.798,3.8465,31.849,1099.9,538.87,154.83,13.647,2.8278,64.426
2013,15.284,1005.2,82.678,3.2132,24.763,1087.4,550.07,135.01,11.902,1.6609,75.724
2012,23.544,1012.0,85.273,4.4461,25.883,1091.4,550.24,133.73,12.134,1.4923,63.726
2013,11.038,1015.2,84.582,2.5957,18.851,1049.0,546.27,109.37,10.426,7.8435,95.782
2015,11.247,1011.0,58.618,4.1338,31.853,1100.0,538.13,157.56,13.718,4.3397,67.012
2014,5.911,1018.0,95.227,3.3489,24.786,1076.8,549.62,134.89,11.887,0.56681,67.691
2011,18.623,1004.7,75.659,2.9279,18.839,1051.5,549.71,107.53,10.384,3.6067,68.859
2011,7.3684,1016.5,80.09,3.4476,19.166,1057.7,550.13,111.73,10.53,3.0735,99.47
2015,5.0192,1020.2,82.043,2.7776,19.969,1047.9,546.09,114.8,10.721,7.3797,78.902
2011,6.8973,1016.7,88.241,4.6468,32.598,1100.4,527.78,163.61,14.056,0.051019,66.859
2015,12.073,1019.3,77.094,3.4359,27.098,1082.8,550.32,136.13,12.121,3.8458,66.427
2013,12.692,1013.9,100.07,3.266,24.732,1085.3,550.09,132.7,11.891,1.1945,63.584
2011,11.263,1016.2,74.806,5.025,32.361,1099.9,529.03,160.78,14.035,0.9215,68.639
2014,13.701,1016.8,78.332,3.5657,25.239,1078.1,549.91,134.21,11.993,1.3348,64.405
2015,2.8899,1021.9,75.523,2.9342,22.58,1071.4,549.75,130.0,11.552,3.5399,80.551
2015,16.126,1028.7,55.654,3.3245,23.892,1078.6,549.6,130.91,11.833,2.3206,55.89
2011,13.765,1017.2,95.656,3.5926,23.939,1086.3,549.95,133.72,11.911,1.2288,69.366
2011,19.758,1007.8,89.431,3.6988,25.108,1089.5,549.78,134.61,11.914,0.74672,63.413
2014,7.4143,1013.8,98.343,5.3817,36.203,1099.7,519.35,167.64,14.617,0.47151,67.097
2014,21.098,1020.0,81.142,5.499,31.771,1100.0,539.54,151.57,13.578,1.2927,54.483
2014,27.277,1006.3,74.951,4.0261,25.245,1079.2,549.99,128.66,11.846,0.73163,45.575
2012,8.0643,1007.7,91.38,4.1492,23.747,1083.2,549.94,133.71,11.83,1.5596,79.723
2015,12.025,1012.7,77.513,2.5217,19.864,1047.5,550.33,110.29,10.371,4.7987,70.344
2011,15.568,1019.9,80.843,4.5032,28.786,1099.9,540.3,150.25,13.25,1.147,70.119
2013,30.495,1013.3,56.88,4.9895,26.171,1093.9,550.14,132.79,12.266,2.4933,68.317
2012,16.602,1012.7,97.778,5.5747,31.273,1100.0,535.35,153.13,13.56,3.4456,57.13
2012,16.77,1015.8,75.295,4.1592,24.917,1087.9,549.94,133.73,11.969,1.4443,69.92
2015,23.44,1012.5,80.397,3.9076,24.832,1080.5,550.29,130.57,11.992,1.6142,44.306
2012,26.245,1006.9,86.547,4.8249,30.228,1099.7,540.77,147.04,13.207,1.8196,58.519
2012,5.5905,1016.7,78.114,3.8906,33.969,1100.2,524.29,168.12,14.346,0.67155,63.318
2015,-1.4042,1021.1,68.896,2.4012,18.991,1040.7,543.56,112.05,10.534,9.1157,106.53
2013,24.761,1013.2,42.713,3.9248,25.468,1092.0,550.08,134.73,12.167,1.0663,74.676
2011,10.34,1015.5,94.16,4.4086,23.878,1085.0,550.07,133.67,11.866,1.1852,76.127
2012,21.818,1013.2,90.584,4.1894,25.542,1090.6,549.77,133.7,12.107,2.9338,78.789
2015,23.509,1014.1,70.388,2.9287,19.885,1050.3,549.75,108.93,10.522,4.576,49.573
2014,15.136,1013.6,79.866,3.6297,25.535,1079.5,550.25,134.84,11.913,1.1319,60.53
2012,19.774,1004.0,80.116,5.2671,25.432,1089.2,550.11,134.06,12.107,1.5201,73.059
2013,13.466,1007.5,100.13,4.2388,31.782,1099.3,534.94,154.7,13.545,1.283,78.44
2015,3.8638,1027.7,91.714,4.1581,25.649,1089.5,549.71,143.25,12.413,2.5587,64.824
2011,22.393,1016.3,95.884,3.896,25.603,1092.2,550.16,134.56,12.183,0.66772,60.665
2014,4.4774,1018.4,96.659,2.9254,19.634,1037.1,543.6,110.08,10.446,5.6817,89.296
2012,23.721,1011.8,72.162,5.1652,25.427,1090.0,550.39,132.73,12.183,0.84171,60.267
2011,19.01,1005.6,85.122,3.1666,19.998,1058.2,549.96,111.78,10.691,3.5758,61.688
2011,22.27,1007.4,84.099,4.0746,25.714,1091.1,549.6,133.75,12.079,1.4003,64.995
2015,27.536,1010.8,50.452,3.7943,26.346,1088.7,550.06,136.43,12.346,1.4288,55.309
2015,31.369,1003.6,49.659,4.2988,30.047,1100.1,546.2,146.72,13.088,2.3224,55.516
2013,13.614,1006.9,100.13,4.1926,32.025,1100.0,534.34,155.61,13.674,1.3046,77.024
2011,27.638,1017.0,57.86,4.1522,25.954,1094.5,550.37,133.77,12.241,1.1105,65.651
2013,14.785,1022.9,94.994,3.1534,24.601,1079.4,549.96,133.22,11.921,1.1615,60.868
2015,10.378,1023.6,78.599,2.5691,23.237,1045.1,549.57,108.23,10.291,7.4105,77.265
2015,21.862,1013.0,58.532,3.6654,29.032,1092.6,549.68,140.02,12.486,1.2556,58.753
2013,22.925,1003.2,57.173,3.9228,25.362,1090.0,549.95,134.23,12.046,1.6463,68.947
2012,4.3657,1021.6,85.528,3.9574,20.263,1025.6,525.72,111.35,10.652,12.786,112.27
2014,24.862,1013.1,70.16,4.6862,30.915,1100.0,543.0,151.35,13.353,1.6703,58.735
2014,10.036,1017.1,87.975,3.5319,24.953,1077.4,550.29,134.18,11.836,1.1916,61.022
2015,24.288,1011.5,75.256,3.8159,24.979,1081.0,549.84,131.18,11.963,2.1785,55.229
2012,21.927,1011.0,82.311,4.1,25.64,1092.0,550.16,135.7,12.23,2.6033,72.079
2012,10.621,1029.3,73.842,5.8542,33.148,1100.0,527.99,161.27,14.073,0.56372,59.418
2014,29.181,1007.4,73.402,5.199,30.42,1100.0,545.9,146.0,13.146,1.5648,52.56
2011,17.347,1019.1,62.818,4.5494,24.417,1086.5,550.13,132.77,11.873,1.3483,71.81
2011,13.075,1015.2,57.259,5.1612,32.061,1099.8,531.22,158.32,13.813,0.3336,66.409
2015,19.402,1008.2,71.427,3.8333,27.287,1094.3,549.87,142.56,12.539,1.7343,54.775
2015,23.856,1014.6,74.297,3.9277,24.999,1081.7,550.35,131.25,11.907,1.9308,53.223
2015,10.849,1017.5,65.8,3.3409,26.907,1082.4,549.65,136.09,12.099,3.1215,69.589
2013,24.956,1012.4,89.056,5.0985,25.874,1092.4,550.3,134.08,12.251,1.4003,58.588
2012,21.181,1013.8,57.676,4.2238,25.137,1089.9,549.76,133.82,12.081,1.7549,71.475
2015,24.205,1012.4,76.556,3.816,24.785,1079.8,550.26,129.87,11.849,1.9628,52.268
2012,16.604,1009.2,98.867,4.5439,19.464,1054.4,550.03,109.62,10.401,3.7063,69.135
2011,7.5866,1014.4,77.59,4.3274,26.132,1088.1,544.04,141.43,12.447,0.67287,77.476
2011,20.477,1015.3,84.621,3.8458,25.276,1091.1,549.82,135.24,12.134,0.59698,61.369
2012,9.8731,1024.8,80.853,5.6948,32.956,1099.9,529.11,161.1,13.939,0.24652,64.458
2015,20.104,1017.3,88.234,2.9633,20.208,1053.4,550.11,112.04,10.58,3.6652,48.803
2014,7.4752,1009.9,95.709,3.5903,24.351,1076.9,549.88,134.3,11.692,1.3055,63.868
2012,20.863,1007.1,75.835,3.0559,25.005,1088.5,549.93,134.09,12.021,1.3339,73.544
2014,12.864,1010.6,91.568,3.675,25.47,1087.4,549.99,134.66,11.912,1.327,60.841
2012,7.9429,1015.1,81.107,5.7908,32.983,1099.9,528.81,162.66,13.992,0.27957,61.262
2014,13.141,1009.1,68.272,3.6194,25.43,1087.1,549.92,134.82,11.912,1.4761,63.881
2012,25.066,1016.0,64.698,3.6191,22.256,1067.8,547.54,117.91,11.155,3.7603,58.075
2012,16.478,1014.9,74.475,3.3322,19.347,1055.2,549.9,109.76,10.362,5.4352,67.285
2015,25.615,1007.1,50.138,3.6695,26.207,1087.0,549.79,135.77,12.223,1.4904,57.354
2013,22.506,1012.4,95.344,4.0113,20.934,1064.1,550.17,114.25,10.836,3.2126,51.781
2011,31.843,1004.4,67.433,4.471,29.16,1099.7,543.47,144.5,12.87,0.71337,52.718
2014,12.487,1012.3,89.683,3.6392,25.133,1087.1,550.2,134.11,11.996,0.80565,60.918
2013,15.785,1014.8,91.842,4.0451,31.976,1100.1,534.34,154.46,13.597,0.71444,76.119
2011,20.598,1011.9,90.128,3.563,22.728,1075.1,550.17,122.65,11.436,1.6815,58.985
2015,9.5942,1008.5,83.038,3.0656,26.613,1073.8,550.02,130.72,11.603,3.5847,68.08
2013,29.23,1009.9,58.394,4.6309,26.431,1095.8,549.81,134.77,12.42,0.75419,64.503
2012,6.6236,1006.2,93.775,5.3191,23.882,1082.3,549.99,133.93,11.628,1.4832,81.881
2013,23.679,1009.3,55.588,3.7949,25.334,1090.3,550.35,133.5,12.184,1.7635,73.7
2015,14.386,1013.7,85.562,3.5231,27.738,1085.1,549.9,136.54,12.174,3.1926,61.354
2015,1.7824,1022.6,73.535,2.8327,23.337,1075.7,550.01,133.18,11.745,3.735,85.749
2015,19.567,1015.5,82.208,3.751,24.274,1078.9,550.16,130.44,11.851,1.8797,52.131
2012,4.7076,1016.4,87.651,2.8772,23.572,1084.1,549.95,134.64,11.87,1.287,80.542
2012,8.2515,1025.1,93.566,4.3386,20.094,1033.8,532.69,110.16,10.525,8.0693,107.04
2015,12.19,1032.7,58.863,3.3371,23.519,1076.5,550.06,130.17,11.705,3.6489,65.039
2015,15.581,1019.9,73.143,2.6584,18.804,1047.3,550.19,108.6,10.382,5.3596,56.546
2013,13.5,1014.6,80.764,3.2044,23.786,1082.6,549.94,130.26,11.652,1.8475,77.559
2012,17.972,1009.1,93.829,2.391,19.319,1054.7,550.0,109.2,10.433,3.6141,62.376
2011,20.991,1006.5,87.39,3.1277,20.347,1060.6,549.91,113.29,10.737,2.0198,56.901
2012,16.95,1006.3,94.434,3.9961,21.528,1067.3,550.15,118.85,10.999,3.8697,62.255
2011,14.3,1014.8,78.434,3.4945,24.123,1086.0,550.13,133.76,11.783,1.3597,68.904
2011,7.5538,1018.5,72.749,3.9133,23.521,1084.3,549.9,133.65,11.704,0.87979,81.543
2011,10.481,1024.5,91.562,3.6715,23.421,1084.6,549.88,133.21,11.693,0.87541,74.46
2011,26.19,996.02,87.056,3.3855,22.267,1069.4,550.4,118.4,11.01,1.0759,49.081
2015,31.966,1006.3,55.068,4.1918,28.302,1097.7,549.57,142.98,12.776,1.4024,54.714
2013,26.197,1015.5,76.49,5.4917,30.383,1100.1,539.08,147.69,13.279,0.44364,58.781
2015,8.0757,1017.0,88.025,3.2356,23.079,1074.6,550.15,130.94,11.689,2.8642,62.027
2011,9.2303,1020.5,94.5,3.645,23.765,1084.6,550.1,133.7,11.799,1.228,78.657
2015,3.5528,1018.5,79.208,2.721,18.995,1048.4,549.94,110.46,10.458,6.907,85.124
2011,18.232,1014.5,90.882,3.5707,24.001,1083.2,549.68,129.95,11.708,1.7102,64.25
2011,15.037,1023.5,68.874,3.1067,18.602,1029.5,533.68,103.81,10.329,12.822,114.97
2012,23.47,1010.9,76.297,3.264,20.119,1057.7,550.09,109.83,10.616,4.7354,53.994
2013,24.046,1010.8,72.513,4.3024,25.344,1090.1,549.71,133.44,12.091,2.0459,61.243
2011,7.0708,1027.3,86.421,4.1337,23.956,1087.0,550.06,133.74,12.008,1.7118,83.098
2011,9.3502,1007.8,83.718,4.1131,23.852,1084.9,549.84,133.65,11.881,4.1362,86.591
2011,10.381,1021.5,75.024,5.6299,32.549,1099.7,528.84,161.65,13.873,0.8425,63.454
2011,16.642,1021.4,61.758,4.5245,24.278,1086.4,550.06,132.79,11.911,1.0731,73.015
2011,33.451,1006.2,44.145,4.6785,30.983,1100.1,537.74,149.41,13.451,0.93713,56.793
2015,20.616,1019.3,74.517,4.2231,30.352,1100.1,542.41,151.23,13.418,2.0811,50.016
2011,10.562,1013.5,97.582,3.7688,23.936,1084.8,550.15,133.69,11.767,0.64039,70.592
2013,25.958,1007.9,82.914,5.2588,25.916,1091.6,550.01,133.69,12.199,1.4554,58.284
2015,24.883,1012.0,74.482,4.1331,28.773,1099.5,548.71,145.42,12.979,1.6646,56.137
2015,23.661,1007.6,67.328,3.8508,24.623,1078.6,549.77,129.53,11.88,1.6304,53.45
2011,14.531,1028.3,75.516,3.2232,18.915,1055.9,549.64,110.7,10.473,3.6076,76.737
2015,12.562,1015.1,40.078,4.3531,33.471,1099.9,536.43,157.79,13.753,0.46888,57.91
2012,20.962,1016.9,94.429,3.686,19.736,1056.8,549.88,109.44,10.489,4.8761,53.745
2012,20.854,1009.1,58.455,4.3829,25.708,1091.8,550.17,135.5,12.175,2.4614,75.121
2015,7.7945,1007.9,83.974,3.0076,22.994,1072.5,550.15,130.2,11.571,3.5129,71.585
2014,30.196,1009.9,63.699,4.0662,24.142,1072.9,550.02,121.75,11.555,2.5469,52.352
2014,13.991,1015.9,81.077,3.5781,25.158,1078.6,550.45,133.77,11.917,1.3527,60.911
2012,23.274,1004.4,55.628,5.879,30.914,1099.6,537.71,153.26,13.388,1.5517,68.935
2011,29.6,1007.4,58.411,4.0544,26.289,1094.2,549.88,133.97,12.235,0.26281,62.639
2015,12.131,1020.0,81.76,3.5175,26.444,1086.3,549.94,138.08,12.289,2.9414,64.096
2013,14.424,1005.0,90.677,3.2493,24.612,1085.4,549.23,134.66,11.93,2.7916,72.191
2013,7.0928,1007.5,97.755,3.1031,23.815,1083.5,550.17,134.27,11.839,1.3605,73.301
2011,19.219,1009.2,93.725,3.1794,19.941,1059.6,549.97,112.78,10.718,2.0949,58.205
2012,18.522,1019.6,80.699,4.2902,24.63,1088.3,549.73,133.0,11.918,1.5857,63.19
2011,29.355,1011.1,50.408,3.1729,20.523,1061.3,549.9,110.77,10.683,1.6741,54.006
2013,4.3087,1020.1,76.669,4.2041,33.333,1099.9,527.0,164.63,14.121,0.98395,70.167
2013,26.338,1010.7,74.72,4.9583,25.993,1093.4,549.67,134.67,12.19,1.557,63.165
2012,13.531,1008.4,86.979,5.7962,32.534,1099.9,531.73,157.4,13.785,0.44159,68.373
2011,11.065,1013.1,89.802,4.826,32.631,1100.0,529.63,161.32,13.932,0.075924,65.546
2014,6.4003,1021.4,76.084,3.9016,33.751,1100.0,530.09,165.38,14.24,0.77341,56.716
2014,29.449,1011.2,79.247,4.9882,30.225,1099.9,546.42,144.35,13.077,1.6677,54.89
2012,23.282,1010.2,71.232,3.2253,19.825,1057.2,550.05,109.75,10.504,4.8041,56.671
2013,13.804,1002.7,92.872,2.6253,19.501,1055.5,549.98,111.02,10.411,5.2326,76.166
2014,3.2023,1013.4,71.648,2.5173,23.298,1050.4,546.0,117.62,10.76,5.8645,94.606
2015,6.8007,1028.0,52.848,3.0864,23.237,1073.3,550.07,129.64,11.638,4.1166,74.8
2012,21.367,1006.9,86.629,4.5189,25.196,1089.4,550.15,133.22,12.086,1.6817,63.902
2015,8.8368,1017.7,79.27,3.1581,27.224,1075.4,550.06,131.18,11.706,3.6849,68.555
2013,0.91479,1020.5,84.243,2.8932,23.414,1083.2,550.07,135.52,11.773,3.4151,89.977
2011,30.362,1010.9,63.274,4.4431,29.698,1100.2,541.65,145.86,13.16,0.7801,56.806
2014,22.71,1008.2,66.308,3.8608,26.038,1084.6,549.84,135.22,12.14,1.6588,61.149
2012,15.77,1014.3,85.2,4.2771,25.134,1089.7,549.75,135.38,12.144,2.4871,71.316
2011,14.454,1020.8,65.604,3.4764,20.439,1063.5,549.94,116.79,10.901,3.1604,77.129
2011,10.828,1022.5,62.264,5.1956,32.991,1100.1,527.46,161.91,14.108,1.2045,67.4
2015,23.746,1014.8,53.233,3.6535,26.19,1088.7,550.21,136.68,12.295,1.4674,55.146
2013,16.253,1005.2,76.219,3.2053,24.102,1077.5,546.42,129.4,11.729,2.7656,75.114
2014,22.085,1007.6,89.793,3.8184,24.784,1076.4,550.0,127.45,11.81,2.0405,47.118
2015,13.998,1019.0,80.474,3.3165,24.21,1078.3,549.62,131.73,11.793,2.1843,55.721
2014,12.116,1018.5,84.215,2.5454,23.452,1060.5,549.98,119.2,11.034,2.4759,68.577
2013,11.833,1017.7,98.321,3.2274,24.443,1086.4,550.09,134.25,11.966,1.2787,64.965
2011,15.878,1016.1,49.947,3.5547,24.176,1086.3,550.06,133.53,11.752,1.3558,70.014
2013,10.307,1018.5,85.198,2.9466,23.949,1084.8,550.07,133.72,11.835,1.6812,74.936
2011,14.307,1018.2,77.502,4.4976,32.066,1099.9,530.63,158.93,13.841,1.6183,62.498
2013,28.557,1010.6,66.034,4.2968,25.623,1091.2,549.75,132.25,12.142,1.9065,59.52
2012,23.098,1006.3,66.239,3.3639,20.344,1058.9,550.01,110.79,10.568,4.4449,56.623
2013,23.622,1010.4,60.571,3.8102,21.125,1065.2,550.06,114.97,10.972,3.2852,59.374
2015,13.597,1020.8,49.692,3.3434,28.8,1077.2,549.94,131.32,11.762,3.0015,66.527
2011,29.283,1007.9,58.563,3.9366,25.788,1092.6,549.63,133.7,12.057,0.34469,64.308
2012,16.024,1019.1,78.998,2.8199,24.395,1087.2,549.92,133.88,12.016,0.93261,61.001
2014,19.897,1011.4,74.158,3.7525,25.247,1081.7,549.94,134.27,11.901,1.6453,64.524
2014,15.379,1020.3,83.784,4.6657,32.262,1099.9,536.43,157.49,13.736,1.2303,61.085
2015,10.577,1004.9,75.653,2.9199,22.615,1062.8,549.59,122.52,11.158,4.8621,72.008
2014,11.2,1014.2,86.754,3.5671,24.856,1084.8,549.88,133.35,11.863,0.9002,60.707
2014,24.621,1010.8,95.485,4.1527,25.327,1079.8,550.0,129.46,11.981,1.9673,47.78
2015,27.57,1016.4,42.803,4.3351,30.767,1100.1,542.26,150.64,13.347,1.7598,48.846
2014,17.656,1008.3,86.665,4.8117,27.123,1092.2,549.77,141.07,12.417,1.3147,62.828
2014,32.276,1007.3,61.54,4.1781,24.631,1074.8,549.82,122.48,11.589,1.5277,44.916
2012,19.631,1012.1,89.328,4.3378,25.201,1089.3,550.17,133.94,12.038,1.7475,65.744
2012,20.231,1013.0,72.301,2.9554,24.318,1085.6,550.03,132.29,11.954,1.6422,68.728
2015,15.052,1012.7,75.374,3.4647,24.989,1081.7,550.01,135.47,12.017,2.2633,63.35
2015,7.9385,1014.1,69.698,2.9258,23.819,1068.6,549.86,127.03,11.427,5.0326,86.469
2012,32.1,1006.2,42.184,4.4475,26.754,1095.0,550.38,133.82,12.33,1.076,71.067
2013,25.481,1013.6,62.665,5.4299,25.952,1093.3,550.38,134.13,12.169,1.1879,67.338
2014,26.695,1011.1,63.762,3.8023,25.081,1077.9,549.94,127.36,11.829,1.7529,53.976
2015,29.18,1005.3,54.655,4.4693,30.931,1099.9,542.83,148.97,13.375,1.3316,53.928
2012,15.748,1015.7,91.591,4.0954,18.834,1043.8,544.77,105.59,10.188,8.0149,87.65
2014,23.019,1009.9,95.552,4.0076,24.675,1077.2,550.09,128.15,11.867,1.9916,49.732
2014,28.868,1005.8,78.001,4.9694,28.876,1097.9,549.28,142.38,12.861,1.7876,54.202
2011,30.956,1009.3,57.86,4.1083,26.251,1094.4,549.92,133.75,12.295,0.69632,62.508
2015,9.1131,1019.3,73.991,4.0586,36.304,1100.0,534.16,161.0,13.977,3.296,58.906
2015,15.481,1012.6,60.165,3.4972,30.891,1087.8,549.95,138.89,12.271,3.4838,64.24
2012,23.275,1011.2,92.732,4.4055,25.312,1090.0,550.15,132.78,12.216,1.7273,59.367
2011,11.669,1014.0,83.463,4.062,24.648,1088.3,550.23,136.12,11.987,1.6607,77.086
2013,17.647,1008.8,82.476,2.8838,19.441,1055.3,550.05,109.41,10.332,3.8551,60.118
2012,10.131,1019.5,100.17,3.9461,32.669,1099.9,529.6,160.21,13.878,0.25008,64.889
2015,24.264,1003.9,65.012,4.262,30.241,1099.9,544.51,149.23,13.277,1.1271,55.013
2013,11.963,1015.4,93.095,4.134,32.374,1099.9,530.62,159.44,13.837,1.0324,69.581
2014,9.9959,1021.4,81.217,3.5017,25.083,1080.2,549.96,135.99,11.928,0.92201,64.125
2011,10.061,1020.9,74.011,4.7807,32.484,1100.2,528.57,161.34,14.091,0.49222,67.861
2012,29.986,1009.3,57.941,4.275,26.176,1092.9,549.64,132.84,12.216,1.5581,62.199
2012,9.5042,1028.4,87.976,4.0393,19.849,1041.9,538.49,110.76,10.606,6.8659,104.27
2011,23.568,1008.0,78.944,3.7542,25.441,1090.7,549.86,133.74,12.207,0.3125,61.538
2011,23.781,1015.4,65.74,4.7298,29.301,1100.0,539.77,149.81,13.205,1.3851,61.634
2015,22.27,1014.8,64.867,3.8137,24.717,1080.7,549.54,131.14,11.974,2.0386,56.133
2015,16.008,1012.9,86.948,3.42,24.845,1080.9,550.23,131.42,12.005,3.6499,55.545
2015,25.851,1004.9,80.74,4.1946,28.869,1098.4,548.12,144.21,12.983,2.0764,54.3
2015,7.5159,1031.6,77.249,3.2683,23.078,1074.1,549.99,130.2,11.598,3.5813,69.011
2011,16.2,1012.5,94.601,4.5817,31.861,1099.9,532.59,155.65,13.642,1.1482,60.429
2012,16.397,994.37,66.738,4.4143,24.824,1086.7,549.88,134.72,11.897,1.3,77.425
2015,22.44,1017.5,78.524,4.0015,28.071,1085.4,542.96,139.16,12.629,2.1467,48.294
2014,19.038,1012.8,89.326,3.6908,24.03,1074.5,550.27,127.91,11.703,1.9684,56.007
2013,11.884,1008.3,91.89,3.0718,23.214,1075.8,548.99,127.4,11.53,3.2688,76.588
2014,17.795,1010.5,77.48,3.7424,25.37,1081.7,550.1,134.31,12.044,1.304,65.562
2015,24.829,1010.6,78.042,4.2679,29.561,1099.9,546.19,146.83,13.153,1.4322,54.97
2012,4.1811,1015.6,87.478,2.8575,23.434,1083.1,550.01,134.46,11.815,1.5418,82.369
2011,29.498,1004.6,52.171,4.4604,30.499,1099.7,539.6,147.86,13.227,0.42957,56.293
2014,17.296,1025.3,88.505,3.9754,22.246,1065.6,550.04,120.48,11.22,2.8813,61.985
2014,10.329,1010.8,94.794,3.4745,25.489,1077.3,549.96,134.99,11.968,1.7807,79.475
2015,17.425,999.25,84.901,3.5244,24.145,1076.0,550.36,129.98,11.822,2.0773,52.049
2011,18.747,1015.0,93.038,3.0717,19.61,1058.3,549.74,111.79,10.549,2.2118,61.462
2011,28.884,1015.2,41.475,3.612,22.722,1075.0,549.83,120.03,11.279,1.6095,61.753
2015,12.687,1026.6,63.943,4.497,32.24,1100.0,534.02,158.78,13.963,2.7404,50.103
2011,5.2353,1017.0,91.344,3.9399,23.886,1086.0,550.09,134.24,11.91,1.2032,82.097
2011,17.041,1020.5,71.626,3.2446,19.073,1055.5,550.07,109.69,10.471,3.382,73.102
2012,11.808,1020.8,83.688,2.2296,19.094,1038.6,538.46,108.59,10.515,7.3719,87.93
2011,9.5288,1018.4,75.333,5.2073,32.727,1100.0,527.67,162.44,14.077,1.4159,69.515
2013,12.364,1009.5,97.382,2.8679,21.1,1063.3,548.74,118.14,10.953,6.9778,93.601
2011,16.349,1021.1,62.697,4.1483,24.308,1088.2,550.04,134.65,11.999,1.3855,77.901
2013,15.941,1010.2,85.71,3.822,29.921,1100.0,541.51,150.08,13.142,1.1055,75.297
2011,19.421,1010.4,97.215,3.2233,19.91,1058.7,549.88,112.11,10.519,2.1886,57.575
2014,8.7741,1013.9,94.022,3.6121,24.769,1075.9,549.98,133.85,11.858,1.6056,63.036
2015,10.88,1019.8,72.664,3.2592,23.276,1075.1,550.2,130.56,11.629,3.2141,60.766
2015,22.546,1010.1,67.88,3.6968,30.971,1092.2,549.98,139.79,12.423,1.6128,59.711
2011,7.0311,1030.1,93.637,4.8118,29.298,1099.7,539.13,154.72,13.237,0.80091,74.359
2012,10.592,1024.1,89.112,4.4569,22.362,1067.1,545.44,123.85,11.294,2.9293,82.959
2012,18.728,1008.6,85.933,4.6533,28.907,1099.8,542.36,148.8,13.106,1.2364,73.186
2013,17.471,1001.9,72.759,3.3273,24.768,1086.8,549.91,133.68,11.927,1.5963,76.032
2012,13.336,1013.3,89.574,3.4901,18.799,1053.3,550.09,109.11,10.402,5.923,81.97
2013,14.837,1004.4,82.176,4.1074,31.423,1099.9,534.21,156.17,13.656,0.9524,72.372
2013,10.896,1023.9,85.87,4.0245,32.879,1099.9,528.25,161.88,14.04,1.0737,66.41
2011,24.517,1013.7,87.008,4.4028,29.712,1099.7,540.14,147.46,13.347,0.22006,53.358
2011,13.124,1010.3,97.373,4.2451,24.095,1084.9,550.18,132.94,11.863,1.4639,71.953
2015,6.2525,1024.1,93.171,4.5351,33.642,1100.0,531.12,164.31,14.14,3.1248,50.94
2011,6.3992,1024.6,86.827,5.493,33.283,1099.9,525.97,165.62,14.157,0.21846,60.38
2014,22.646,1015.0,57.757,4.7701,32.643,1100.0,537.1,156.21,13.734,1.2877,56.904
2014,23.069,1002.8,76.661,4.7152,31.237,1099.9,542.46,150.2,13.343,1.1727,53.438
2012,30.245,1006.5,53.335,4.7827,30.256,1099.7,540.48,148.82,13.098,1.4362,63.298
2011,13.465,1017.5,77.476,4.972,31.796,1098.5,530.38,157.52,13.803,0.9115,64.615
2015,11.927,1017.3,61.941,3.4087,28.788,1084.2,550.05,136.94,12.174,2.483,64.773
2011,19.495,1010.1,82.859,2.7786,18.028,1047.7,549.62,103.81,10.086,4.5532,74.357
2014,20.363,1003.1,90.379,3.8481,24.772,1077.7,550.02,130.85,11.854,1.702,53.111
2014,5.9117,1029.4,75.442,3.8072,33.002,1100.1,532.3,163.79,14.121,0.68662,57.467
2011,10.992,1016.0,75.2,4.3769,27.644,1076.9,532.32,140.99,12.706,3.7173,79.271
2012,14.545,1012.9,82.85,3.9554,19.459,1052.9,547.97,110.94,10.413,6.8481,79.027
2015,26.699,1016.2,54.73,3.9326,24.708,1080.4,549.96,129.31,12.006,1.9319,52.38
2015,7.3107,1023.2,74.948,4.4771,32.647,1100.0,532.24,162.79,14.093,1.9643,48.236
2015,25.983,1017.3,60.188,4.4528,31.351,1100.1,539.99,151.31,13.577,0.95039,46.33
2015,14.893,1011.9,83.901,3.2416,23.216,1073.0,550.3,127.79,11.639,2.1189,50.746
2011,21.136,1014.6,94.312,3.3014,20.343,1061.6,549.84,112.89,10.807,2.0441,53.714
2012,25.773,1007.8,78.639,3.9921,25.069,1085.9,550.32,129.84,11.918,2.0724,59.161
2012,12.18,1023.8,92.119,4.3232,23.309,1082.5,549.94,130.91,11.715,2.821,70.293
2012,21.116,1015.9,83.09,3.9391,24.324,1084.2,549.99,129.84,11.904,2.651,61.197
2013,11.127,1007.2,89.702,3.0549,23.888,1083.3,549.9,132.86,11.81,2.659,79.297
2015,31.6,1006.9,53.956,4.3007,29.962,1099.9,546.0,146.56,13.133,1.1034,48.682
2013,9.0475,1024.2,92.444,3.0849,23.869,1084.4,549.78,133.27,11.73,0.82655,67.528
2011,10.893,1025.8,81.178,4.7097,32.708,1099.7,528.3,162.39,14.0,0.40253,63.718
2012,28.357,1010.0,54.128,4.4366,26.343,1094.7,549.64,134.82,12.35,4.6118,75.504
2012,17.019,1007.0,91.247,4.9226,29.391,1099.9,540.23,151.38,13.27,1.7276,70.83
2012,8.8852,1001.2,99.336,6.237,32.085,1099.8,532.86,160.21,13.722,0.32244,67.338
2013,15.785,1002.6,86.791,4.0369,30.825,1099.8,536.49,154.1,13.487,0.66152,72.895
2013,16.363,1017.0,74.039,5.2758,25.083,1089.9,550.17,135.15,12.13,1.4602,69.714
2011,30.206,1002.2,66.715,4.4042,29.35,1100.2,543.85,144.75,12.982,0.15298,54.12
2012,19.26,999.87,71.101,6.0578,31.24,1099.8,536.59,154.3,13.48,1.3486,71.613
2012,19.317,1009.4,69.939,4.1135,24.334,1083.7,550.18,130.16,11.752,2.7547,70.482
2013,18.167,1004.8,92.368,3.3674,25.666,1089.0,549.94,134.6,11.952,1.2213,65.325
2014,18.963,1016.1,77.178,4.5486,31.732,1100.0,539.92,154.53,13.58,0.94433,57.968
2014,31.864,1005.1,58.292,4.3145,26.019,1082.9,549.93,129.11,12.078,1.6822,51.795
2012,28.164,1017.4,52.022,3.5527,20.652,1061.5,549.97,110.8,10.745,1.4552,48.541
2015,10.983,1025.9,61.541,3.35,23.49,1076.8,550.1,131.2,11.842,3.3611,61.628
2011,5.9415,1013.1,90.455,3.9749,23.699,1083.8,550.19,133.59,11.732,0.88675,81.593
2015,28.408,1006.1,50.749,4.3293,30.434,1099.9,544.3,148.52,13.27,2.9227,58.412
2012,7.1608,1023.8,62.371,3.9695,34.31,1099.8,522.81,167.66,14.419,0.55717,62.287
2014,29.049,1008.0,65.29,4.225,25.684,1080.9,549.79,128.89,11.989,1.9356,52.509
2012,13.049,1020.4,95.743,3.7651,19.037,1050.2,546.44,109.38,10.466,6.8639,80.445
2011,11.601,1011.6,80.789,4.6432,32.203,1100.1,530.83,159.5,13.84,0.31771,65.784
2012,29.282,1012.2,64.651,4.1227,26.046,1091.7,550.45,132.86,12.174,1.6033,60.457
2013,14.366,1020.5,89.471,3.6821,29.357,1100.0,542.44,150.14,13.074,0.9069,75.529
2012,25.175,1016.8,76.404,4.5437,25.727,1092.5,549.63,133.56,12.26,1.4127,64.659
2014,9.9128,1019.9,79.602,2.9901,21.434,1058.4,550.14,119.85,10.945,1.3303,60.019
2015,10.987,1015.6,69.34,3.1942,28.591,1074.2,549.84,130.0,11.707,2.4072,68.453
2014,9.8039,1019.9,67.083,2.4869,21.951,1040.0,544.61,109.25,10.412,7.2338,86.142
2012,14.736,1013.9,94.871,3.0077,24.456,1085.8,550.13,133.19,11.912,1.4436,71.754
2012,20.949,1006.9,85.483,3.6543,19.587,1055.9,550.07,109.12,10.503,4.4792,54.85
2011,31.088,1008.3,52.745,3.6211,23.814,1080.9,550.14,124.8,11.72,0.71838,54.046
2015,14.787,1011.6,76.166,3.0752,22.382,1065.0,550.17,121.53,11.214,5.2864,61.579
2015,16.757,1022.4,57.966,2.5775,18.029,1034.5,545.08,101.83,10.091,9.1227,77.286
2014,23.979,1007.4,97.286,5.1292,29.873,1099.9,547.02,145.57,13.078,1.526,53.807
2013,14.922,1014.9,98.98,3.3392,25.296,1088.3,549.6,134.9,11.94,2.0468,68.684
2014,16.233,1009.5,88.416,3.723,25.244,1081.8,550.01,135.13,11.922,1.6381,63.46
2013,18.262,1002.8,65.535,3.415,25.048,1088.2,549.81,134.06,11.908,2.4117,88.624
2011,24.39,1000.9,91.358,4.5864,30.998,1099.5,537.41,148.98,13.295,0.3957,54.914
2013,22.45,1016.3,72.415,5.3099,25.769,1092.5,550.14,134.86,12.18,2.3935,83.918
2012,21.396,1018.1,97.346,4.7946,27.091,1098.7,549.48,140.14,12.584,1.7459,65.613
2011,14.176,1020.5,67.882,4.3585,30.418,1100.0,533.29,156.74,13.692,1.3315,68.873
2015,11.586,1022.7,79.028,2.593,18.297,1023.4,536.81,101.47,10.14,14.339,112.61
2012,18.254,1013.9,92.096,5.3008,25.237,1088.9,550.11,134.29,12.049,1.4919,70.139
2012,23.676,1004.4,92.516,3.9187,22.356,1070.5,550.03,119.36,11.141,3.2237,53.805
2011,11.521,1023.4,83.286,5.446,32.602,1100.0,528.55,160.84,13.992,0.21001,60.38
2015,0.71835,1016.4,65.821,2.5666,21.589,1048.4,541.82,120.19,11.008,9.4781,97.309
2013,24.003,1018.8,77.163,3.3729,25.97,1091.6,549.86,134.58,12.091,1.4967,64.955
2012,13.432,1019.9,90.773,4.4044,24.483,1087.6,550.04,134.19,11.88,1.4806,64.083
2015,17.129,1020.4,72.173,3.3064,24.02,1077.6,550.09,130.51,11.835,2.4131,53.278
2012,17.451,1027.6,67.737,4.697,25.021,1089.4,549.79,133.71,11.914,1.0998,74.988
2015,11.05,1010.6,66.743,3.2614,29.695,1076.1,549.96,131.21,11.793,3.8294,64.902
2012,14.426,1013.4,79.921,4.128,24.599,1086.7,550.02,133.8,11.959,1.9049,72.63
2015,9.324,1012.5,81.171,3.2391,25.875,1075.2,550.11,130.86,11.633,3.4246,66.021
2011,23.223,1003.4,82.505,3.3712,22.684,1074.2,549.87,122.26,11.254,1.1712,54.32
2015,22.008,1006.3,81.066,3.8962,24.873,1079.9,549.74,130.86,11.929,1.5302,46.018
2015,25.502,1004.0,58.075,3.8766,27.732,1095.4,550.01,141.67,12.693,1.5933,56.257
2012,5.7562,1006.9,97.391,4.9391,23.826,1082.6,549.76,134.39,11.805,1.477,79.618
2011,7.4789,1010.8,96.901,3.7823,23.541,1083.0,549.96,133.67,11.847,1.4127,78.829
2014,27.724,1005.0,83.473,4.1575,25.324,1078.8,549.93,127.56,11.893,1.7472,47.101
2015,7.7533,1011.8,73.067,2.6621,20.886,1039.7,545.41,109.27,10.39,8.0651,82.26
2015,11.81,1004.9,83.924,3.5288,28.822,1083.4,550.18,137.12,11.987,2.9365,62.585
2013,10.701,1006.4,95.723,2.4867,19.018,1049.8,547.7,109.7,10.448,7.9151,88.311
2013,25.494,1010.1,72.901,3.6882,21.338,1066.8,549.94,115.58,10.878,2.9081,52.022
2015,0.037561,1011.4,75.725,3.0102,23.11,1073.3,550.0,130.19,11.521,3.2779,85.41
2013,15.726,1004.5,74.783,4.1,31.538,1099.9,533.93,156.34,13.596,0.68393,69.97
2015,3.178,1022.9,80.053,4.1332,33.797,1099.9,529.26,167.06,14.302,2.7064,58.02
2013,27.357,1013.6,55.646,4.2537,25.64,1092.1,550.3,133.04,12.25,0.71355,63.337
2014,12.587,1012.4,90.52,3.441,25.233,1077.9,550.04,134.66,11.897,1.4039,61.285
2014,19.89,1015.4,97.073,4.0761,22.93,1067.9,549.99,121.82,11.249,2.5178,54.212
2014,26.658,1008.6,73.048,3.8433,25.093,1077.9,549.98,128.06,11.794,1.7964,50.979
2013,18.277,1015.0,84.53,5.3242,25.67,1092.5,549.95,136.6,12.144,2.9356,92.78
2015,32.756,1007.0,55.557,4.467,29.585,1099.9,546.58,146.11,13.079,1.9991,54.795
2014,13.512,1017.6,94.955,2.7097,18.809,1030.0,543.18,103.61,9.9528,7.3268,83.866
2011,6.7452,1011.3,90.836,5.0136,32.925,1099.6,527.18,165.16,14.177,0.58526,69.365
2012,15.744,1021.2,85.003,4.3907,24.86,1089.8,549.97,134.62,12.045,1.3492,64.255
2013,9.4347,1015.3,92.771,3.0327,23.854,1083.6,550.0,133.02,11.837,1.818,79.069
